mvel_min;mvel_avg;mvel_max;dcharge_min;dcharge_avg;dcharge_max;tempw_min;tempw_avg;tempw_max;tempa_min;tempa_avg;tempa_max;pH;cond;p_alk;CO3;COD_min;COD_avg;COD_max;DO_min;DO_avg;DO_max;BOD;NH4;NO2;NO3;PO4P_min;PO4P_avg;PO4P_max;Ptot_min;Ptot_avg;Ptot_max;IPO;megalit;macrolit;mesolit;microlit;akal;psam;argyl;macroal;submer;emer;living;xylal;cPOM;fPOM;debr;coarse;medfine;fine;plant;abiotic;biotic;CLC_1;CLC_2;CLC_3;CLC_5;site_AMSL;dist_src;H.angu;H.bulb;H.bulg;H.cont;H.fulv;H.inco;H.inst;H.mode;H.pell;H.saxo;H.angu;H.bulb;H.bulg;H.cont;H.fulv;H.inco;H.inst;H.mode;H.pell;H.saxo;H.angu;H.bulb;H.bulg;H.cont;H.fulv;H.inco;H.inst;H.mode;H.pell;H.saxo;H.angu;H.bulb;H.bulg;H.cont;H.fulv;H.inco;H.inst;H.mode;H.pell;H.saxo;H.angu;H.bulb;H.bulg;H.cont;H.fulv;H.inco;H.inst;H.mode;H.pell;H.saxo;H.angu;H.bulb;H.bulg;H.cont;H.fulv;H.inco;H.inst;H.mode;H.pell;H.saxo
0.07;0.178;0.36;0.008;0.161;0.484;2.2;11.18;17.8;10.8;18.52;30.6;8.11;1453.5;0.025;1.75;14;29.5;41;8.4;10.4;13.2;5.833;0.18;0.182;51.5;111;194.833;319;190;331.667;540;3.75;0;0;0;0;0;0.55;0;0;0;0;0;0;0.45;0;0;0;0;1;0;0.55;0.45;0.6376;0.3624;0;0;128;20.6409;159;0;0;0;0;0;0;0;0;0;159;0;0;0;0;0;0;0;0;0;127.2;0;0;0;0;0;0;0;0;0;127.2;0;0;0;0;0;0;0;0;0;1;0;0;0;0;0;0;0;0;0;1;0;0;0;0;0;0;0;0;0
0.13;0.246;0.48;0.014;0.053;0.139;3.7;12.14;20.4;0.1;15.51;27.4;8.06;1009;0.025;1.5;8;13.429;21;9.4;10.57;13.1;2.986;0.043;0.076;22.886;7;19.857;46;30;57.143;100;4.5;0;0;0.05;0;0.2;0.1;0;0;0;0.15;0.05;0;0.45;0;0;0;0.714;0.286;0.2;0.35;0.65;0;0.801;0.199;0;221;7.408;15;114;0;0;0;0;6;0;0;9;15;114;0;0;0;0;6;0;0;9;12;91.2;0;0;0;0;4.8;0;0;7.2;12;91.2;0;0;0;0;4.8;0;0;7.2;0.1042;0.7917;0;0;0;0;0.0417;0;0;0.0625;0.1042;0.7917;0;0;0;0;0.0417;0;0;0.0625
NA;NA;NA;NA;NA;NA;1.5;10.58;19.8;-1;13.3;23.6;8.106;618.444;0.025;1.5;13;17;22;8.9;10.48;12.3;5.513;0.177;0.198;9.633;39;84.369;134;80;112.222;160;3.75;0;0;0.2;0.2;0.2;0.2;0;0;0;0;0.2;0;0;0;0;0;0.75;0.25;0.2;0.8;0.2;0.766;0.234;0;0;144;34.0021;0;1;0;0;0;0;0;0;0;0;0;1;0;0;0;0;0;0;0;0;0;1.066666667;0;0;0;0;0;0;0;0;0;1.066666667;0;0;0;0;0;0;0;0;0;1;0;0;0;0;0;0;0;0;0;1;0;0;0;0;0;0;0;0
NA;NA;NA;NA;NA;NA;7.9;13.75;18.6;8.2;16.5;26.6;8.143;2216.5;0.188;11.25;57;102.25;190;4.3;7.28;9.5;10.325;2.895;8.01;34.825;237.98;1922.585;5825.62;510;4962.5;11630;2.75;0;0;0;0.563;0;0.063;0;0;0;0;0.375;0;0;0;0;0;0.9;0.1;0.375;0.625;0.375;0;1;0;0;121;9.5706;1;0;0;0;0;0;0;0;0;0;1;0;0;0;0;0;0;0;0;0;1;0;0;0;0;0;0;0;0;0;1;0;0;0;0;0;0;0;0;0;1;0;0;0;0;0;0;0;0;0;1;0;0;0;0;0;0;0;0;0
0.2;0.414;0.65;0.048;0.145;0.442;3.5;11.76;22.2;-0.3;12.27;25.7;8.212;2126.455;0.173;10.364;21;41.545;76;8;9.62;11.7;9.936;2.357;5.573;23.991;29;148.182;375;100;307.273;760;3.5;0;0;0.05;0.2;0.15;0.25;0;0;0;0;0.1;0.05;0.2;0;0;0;0.615;0.385;0.1;0.65;0.35;0;1;0;0;121;9.5706;0;0;0;0;0;0;0;0;3;0;0;0;0;0;0;0;0;0;3;0;0;0;0;0;0;0;0;0;2.4;0;0;0;0;0;0;0;0;0;2.4;0;0;0;0;0;0;0;0;0;1;0;0;0;0;0;0;0;0;0;1;0
0.23;0.316;0.45;0.021;0.063;0.145;0.2;9.31;16.1;-6.1;11.38;24.7;7.933;264.125;0.025;1.5;8;13.875;23;8.2;10.4;13.3;3.75;0.04;0.02;4.5;26;55;82;50;76.25;110;4.5;0;0.333;0.333;0.056;0.056;0;0;0;0;0;0.111;0.111;0;0;0;0.429;0.571;0;0.111;0.778;0.222;0;0;1;0;271;5.8844;0;0;0;0;0;0;0;0;0;18;0;0;0;0;0;0;0;0;0;18;0;0;0;0;0;0;0;0;0;16;0;0;0;0;0;0;0;0;0;16;0;0;0;0;0;0;0;0;0;1;0;0;0;0;0;0;0;0;0;1
0.17;0.23;0.29;0.021;0.045;0.071;0.8;10.67;21.4;1.2;14.6;29;7.811;250.5;0.1;3;8;17.917;38;8.3;10.89;13.8;3.992;0.08;0.014;5.15;16;65.25;209;30;112.5;230;4.5;0;0.25;0.25;0.1;0.05;0;0;0;0;0;0.1;0.15;0.1;0;0;0.385;0.615;0;0.1;0.65;0.35;0;0;1;0;271;5.8844;0;0;0;0;3;0;33;0;0;0;0;0;0;0;3;0;33;0;0;0;0;0;0;0;2.4;0;26.4;0;0;0;0;0;0;0;2.4;0;26.4;0;0;0;0;0;0;0;0.0833;0;0.9167;0;0;0;0;0;0;0;0.0833;0;0.9167;0;0;0
0.28;0.406;0.57;0.027;0.066;0.213;1.1;11.07;22.2;0.7;14.48;29.3;7.958;255.25;0.246;5;4;10.417;19;8.3;11.01;14.2;3.808;0.088;0.022;4.333;23.5;68.558;186;70;192.5;520;4.5;0;0.35;0.2;0.15;0.15;0;0;0;0;0;0.05;0.1;0;0;0;0.412;0.588;0;0.05;0.85;0.15;0;0;1;0;271;5.8844;0;0;0;0;3;0;12;0;0;0;0;0;0;0;3;0;12;0;0;0;0;0;0;0;2.4;0;9.6;0;0;0;0;0;0;0;2.4;0;9.6;0;0;0;0;0;0;0;0.2;0;0.8;0;0;0;0;0;0;0;0.2;0;0.8;0;0;0
0.14;0.197;0.26;0.044;0.102;0.213;0.2;12.48;26.1;-4.7;13.7;26.4;8.038;886.875;0.072;4.313;11;35;47;3.5;7.91;13.1;8.75;3.595;2.441;36.813;130;3919.75;8101;180;4342.5;9570;2.75;0;0;0.05;0;0.1;0.3;0.1;0;0;0;0.2;0.25;0;0;0;0;0.273;0.727;0.2;0.55;0.45;0.4684;0.5316;0;0;121;17.2734;0;39;0;0;0;0;0;0;0;0;0;39;0;0;0;0;0;0;0;0;0;31.2;0;0;0;0;0;0;0;0;0;31.2;0;0;0;0;0;0;0;0;0;1;0;0;0;0;0;0;0;0;0;1;0;0;0;0;0;0;0;0
0.14;0.266;0.34;0.017;0.048;0.077;0.2;12.15;22.5;-2.3;14.83;29;8.027;387.818;0.045;1.636;10;15.636;30;8.8;10.92;13.7;3.245;0.06;0.036;10.891;202;288.364;388;260;381.818;590;4;0;0.1;0.15;0.25;0.1;0.1;0;0;0;0;0;0.15;0.05;0.1;0;0.143;0.714;0.143;0;0.7;0.3;0;1;0;0;103;10.0367;0;0;0;0;0;0;0;0;0;3;0;0;0;0;0;0;0;0;0;3;0;0;0;0;0;0;0;0;0;2.4;0;0;0;0;0;0;0;0;0;2.4;0;0;0;0;0;0;0;0;0;1;0;0;0;0;0;0;0;0;0;1
0.23;0.522;0.95;51.45;195.212;602;0.4;10.84;23.9;-2.2;12.77;31.6;7.796;323.833;0.025;1.5;9;14.667;23;6.1;9.65;12.4;3.85;0.142;0.088;4.717;36;56.758;114;50;95;140;4.25;0;0;0;0;0;0.1;0.5;0;0;0;0;0.2;0.2;0;0;0;0;1;0;0.6;0.4;0;1;0;0;95;201.2053;0;0;1;0;0;0;0;0;0;0;0;0;1;0;0;0;0;0;0;0;0;0;1.6;0;0;0;0;0;0;0;0;0;1.6;0;0;0;0;0;0;0;0;0;1;0;0;0;0;0;0;0;0;0;1;0;0;0;0;0;0;0
0.16;0.279;0.66;33.317;67.008;209.633;3.2;13.64;24.1;4.5;16.6;30;7.749;344.5;0.046;1.625;7;15.833;52;6.2;8.88;12.2;3.592;0.214;0.105;5.342;26;65.417;176;60;176.667;600;4.25;0;0;0;0;0;0.4;0.125;0;0;0;0.2;0.075;0.175;0.025;0;0;0;1;0.2;0.525;0.475;0;1;0;0;95;201.2053;0;0;0;3;0;0;0;6;0;0;0;0;0;3;0;0;0;6;0;0;0;0;0;2.4;0;0;0;4.8;0;0;0;0;0;2.4;0;0;0;4.8;0;0;0;0;0;1;0;0;0;1;0;0;0;0;0;1;0;0;0;1;0;0
0.54;0.645;0.77;0.989;2.84;5.44;0.2;11.25;19.2;-5.9;14.9;27.6;7.997;427.5;0.025;1.5;10;22.583;76;7.4;9.76;13.4;3.383;0.141;0.113;13.8;32.6;70.09;110.84;70;186.667;680;4.25;0;0.067;0.6;0;0;0.133;0;0;0;0;0.133;0;0.067;0;0;0.083;0.75;0.167;0.133;0.8;0.2;0.1539;0.8461;0;0;164;45.9053;0;1;0;0;0;0;0;0;0;0;0;1;0;0;0;0;0;0;0;0;0;1.066666667;0;0;0;0;0;0;0;0;0;1.066666667;0;0;0;0;0;0;0;0;0;1;0;0;0;0;0;0;0;0;0;1;0;0;0;0;0;0;0;0
0.52;0.791;1.192;1.17;3.266;6.792;2.9;10.37;19.7;0.1;13.41;28.5;7.886;496.25;0.025;1.5;4;12.583;22;8.1;10.28;13;3.575;0.141;0.102;16.025;20;51.417;111;50;109.167;180;4.25;0;0;0.119;0.119;0.161;0.209;0;0;0;0;0.04;0.257;0.096;0;0;0;0.656;0.344;0.04;0.608;0.392;0.1539;0.8461;0;0;164;45.9053;0;0;0;0;0;0;0;6;120;3;0;0;0;0;0;0;0;6;64.5;3;0;0;0;0;0;0;0;4.571428571;91.42857143;2.285714286;0;0;0;0;0;0;0;4.571428571;49.31428571;2.285714286;0;0;0;0;0;0;0;0.0465;1;0.0233;0;0;0;0;0;0;0;0.0465;0.9651;0.0233
0.48;0.667;1.03;0.82;1.924;6.63;0.3;10.77;21.6;-5;12.68;29.1;7.939;587;0.025;1.5;7;12.917;23;7.4;10.26;14.2;3.283;0.176;0.143;16.592;36;77.167;143;60;131.667;210;4;0;0;0.1;0.3;0.15;0.15;0;0;0;0;0.15;0.15;0;0;0;0;0.786;0.214;0.15;0.7;0.3;0.1539;0.8461;0;0;164;45.9053;0;0;0;0;0;6;0;0;0;0;0;0;0;0;0;6;0;0;0;0;0;0;0;0;0;4.8;0;0;0;0;0;0;0;0;0;4.8;0;0;0;0;0;0;0;0;0;1;0;0;0;0;0;0;0;0;0;1;0;0;0;0
0.62;0.879;1.04;2.27;4.658;9.13;3.5;11.91;18.7;2;16;30;7.808;451.417;0.046;1.5;7;16.083;56;8.5;9.83;11.8;3.542;0.163;0.106;13.158;20;60.583;124;90;173.333;570;4.25;0;0;0;0.3;0.15;0.15;0;0;0;0;0.2;0.15;0.05;0;0;0;0.75;0.25;0.2;0.6;0.4;0.1539;0.8461;0;0;164;45.9053;0;0;0;0;0;0;0;0;6;0;0;0;0;0;0;0;0;0;6;0;0;0;0;0;0;0;0;0;4.8;0;0;0;0;0;0;0;0;0;4.8;0;0;0;0;0;0;0;0;0;1;0;0;0;0;0;0;0;0;0;1;0
0.3;0.604;0.97;0.564;2.779;7.24;1.7;10.91;20.7;-2;12.98;28.6;7.858;484.333;0.1;3;6;9.333;21;7.7;10.57;13.1;2.642;0.112;0.087;16.592;7;30;101;60;98.333;170;4.5;0;0;0;0.273;0.182;0.182;0;0;0;0.136;0.091;0.045;0.091;0;0;0;0.714;0.286;0.227;0.636;0.364;0.1539;0.8461;0;0;164;45.9053;0;0;0;0;0;0;0;0;6;3;0;0;0;0;0;0;0;0;6;3;0;0;0;0;0;0;0;0;4.363636364;2.181818182;0;0;0;0;0;0;0;0;4.363636364;2.181818182;0;0;0;0;0;0;0;0;0.6667;0.3333;0;0;0;0;0;0;0;0;0.6667;0.3333
0.27;0.636;1.3;0.974;5.782;20;1.2;11.07;19.5;-3.3;13.17;26.3;7.854;443;0.1;3;8;18.833;80;7.9;10.04;11.9;4.608;0.142;0.099;16.317;9.78;29.945;61.9;80;182.167;790;4.25;0;0;0.083;0.292;0.167;0.083;0;0;0.042;0.042;0.167;0.125;0;0;0;0;0.867;0.133;0.25;0.625;0.375;0.1539;0.8461;0;0;164;45.9053;0;0;0;0;0;3;0;0;0;3;0;0;0;0;0;3;0;0;0;3;0;0;0;0;0;2;0;0;0;2;0;0;0;0;0;2;0;0;0;2;0;0;0;0;0;0.5;0;0;0;0.5;0;0;0;0;0;0.5;0;0;0;0.5
0.7;0.912;1.19;1.84;6.26;13.4;0;10.39;18.2;-2.6;13.1;26.9;7.835;476;0.1;3;5;10.833;15;7.6;9.98;12.6;3.092;0.192;0.101;16.275;6.5;24.992;42.1;80;155;280;4.25;0;0;0.15;0.2;0.075;0.225;0;0;0;0.1;0.125;0.025;0.063;0.038;0;0;0.654;0.346;0.225;0.65;0.35;0.1539;0.8461;0;0;164;45.9053;0;0;0;0;0;3;0;6;0;0;0;0;0;0;0;3;0;4.5;0;0;0;0;0;0;0;2.4;0;4.8;0;0;0;0;0;0;0;2.4;0;3.6;0;0;0;0;0;0;0;0.5;0;1;0;0;0;0;0;0;0;0.5;0;0.75;0;0
0.51;0.724;1.04;0.82;2.881;10.5;1.9;11.84;20.1;-3.5;14.83;29.1;7.817;473.917;0.1;5.571;4;37.083;346;6;10.12;13.5;8.542;0.196;0.093;17.358;12.1;35.1;68.8;100;445;3310;4;0;0;0.2;0.3;0.1;0.1;0;0;0;0.05;0.15;0.05;0.05;0;0;0;0.857;0.143;0.2;0.7;0.3;0.1539;0.8461;0;0;164;45.9053;0;0;0;0;0;0;0;0;15;0;0;0;0;0;0;0;0;0;15;0;0;0;0;0;0;0;0;0;12;0;0;0;0;0;0;0;0;0;12;0;0;0;0;0;0;0;0;0;1;0;0;0;0;0;0;0;0;0;1;0
0.49;0.681;0.97;4.7;9.311;13.2;2.3;11.34;20;-3.5;14.53;26;7.92;508.417;0.025;1.5;9;16.833;22;6.8;9.29;11.8;5;0.088;0.088;10.317;32.6;63.248;150;70;144.167;290;4.5;0;0;0.16;0.16;0.027;0.053;0;0;0;0.053;0.32;0.067;0.16;0;0;0;0.867;0.133;0.373;0.4;0.6;0.1366;0.8634;0;0;124;95.2981;1;1;0;8;0;1;0;1;0;0;1;1;0;8;0;1;0;1;0;0;1.066666667;1.066666667;0;8.533333333;0;1.066666667;0;1.066666667;0;0;1.066666667;1.066666667;0;8.533333333;0;1.066666667;0;1.066666667;0;0;0.0909;0.0909;0;0.7273;0;1;0;0.0909;0;0;0.0909;0.0909;0;0.7273;0;1;0;0.0909;0;0
0.17;0.422;0.66;1.51;4.632;10.4;1.9;9.53;21.9;-4.1;10.2;28.1;8.019;570.818;0.025;1.5;6;15.182;40;6.8;9.95;12.6;4.282;0.143;0.111;12.955;13;68.455;205;50;144.545;490;4.25;0;0;0;0.3;0;0.3;0.1;0;0;0;0.05;0.25;0;0;0;0;0.429;0.571;0.05;0.7;0.3;0.1366;0.8634;0;0;124;95.2981;0;0;0;0;0;0;2;0;2;0;0;0;0;0;0;0;2;0;2;0;0;0;0;0;0;0;1.6;0;1.6;0;0;0;0;0;0;0;1.6;0;1.6;0;0;0;0;0;0;0;0.5;0;0.5;0;0;0;0;0;0;0;0.5;0;0.5;0
0.37;0.409;0.45;1.05;2.342;7.3;0.2;12.28;22.7;-4.7;13.13;28.2;8;637.083;0.025;1.5;6;16.083;41;5.2;8.73;12.4;4.15;0.131;0.126;12;33;100;215;60;166.667;330;4;0;0;0.3;0.05;0.25;0;0.05;0;0;0;0.2;0.1;0.05;0;0;0;0.923;0.077;0.2;0.65;0.35;0.1366;0.8634;0;0;124;95.2981;0;0;0;6;0;0;0;6;0;0;0;0;0;6;0;0;0;6;0;0;0;0;0;4.8;0;0;0;4.8;0;0;0;0;0;4.8;0;0;0;4.8;0;0;0;0;0;0.5;0;0;0;0.5;0;0;0;0;0;0.5;0;0;0;0.5;0;0
0.38;0.526;0.75;3.797;5.81;10.954;1.2;12.25;21.7;0.5;12.55;28.4;7.978;495.769;0.046;1.5;7;16.615;49;7.9;9.77;12.9;3.492;0.096;0.083;11.269;7;65.769;205;70;153.333;310;4.5;0;0;0.087;0.087;0.261;0.13;0;0;0;0;0.261;0.13;0.043;0;0;0;0.769;0.231;0.261;0.565;0.435;0.1366;0.8634;0;0;124;95.2981;0;0;0;3;0;0;0;0;0;0;0;0;0;3;0;0;0;0;0;0;0;0;0;2.086956522;0;0;0;0;0;0;0;0;0;2.086956522;0;0;0;0;0;0;0;0;0;1;0;0;0;0;0;0;0;0;0;1;0;0;0;0;0;0
0.378;0.573;0.791;3.49;7.158;11.9;1.4;10.99;20;-11.2;11.81;28.4;7.952;529.556;0.1;3;4;10.111;18;8;10.51;13.5;3.089;0.12;0.091;12.967;6.5;29.022;52.5;60;136.667;280;4.5;0;0;0;0;0.4;0.15;0;0;0;0.15;0.1;0.1;0.1;0;0;0;0.727;0.273;0.25;0.55;0.45;0.1366;0.8634;0;0;124;95.2981;0;0;0;0;0;0;0;0;3;0;0;0;0;0;0;0;0;0;3;0;0;0;0;0;0;0;0;0;2.4;0;0;0;0;0;0;0;0;0;2.4;0;0;0;0;0;0;0;0;0;1;0;0;0;0;0;0;0;0;0;1;0
0.19;0.277;0.36;0.081;0.128;0.204;1.8;10.08;17.3;5.8;13.18;22.3;8.033;287.25;0.103;6.188;16;23.75;43;7.6;10.94;15.2;5.138;0.035;0.045;5;39;123.97;410.76;70;166.25;440;4;0;0;0.333;0;0;0.111;0;0.222;0;0;0.222;0;0.111;0;0;0;0.75;0.25;0.444;0.444;0.556;1;0;0;0;161;14.4692;0;2;0;0;0;0;0;0;0;0;0;2;0;0;0;0;0;0;0;0;0;1.777777778;0;0;0;0;0;0;0;0;0;1.777777778;0;0;0;0;0;0;0;0;0;1;0;0;0;0;0;0;0;0;0;1;0;0;0;0;0;0;0;0
0.2;0.336;0.51;0.011;0.031;0.062;1;10.99;23;0.5;13.05;27.6;8.088;450.909;0.05;1.909;7;13.909;25;8.5;11.18;14.1;2.982;0.046;0.027;5.364;39;88.909;160;70;147.273;360;4.25;0;0;0.25;0.2;0.15;0.1;0;0;0.25;0;0.05;0;0;0;0;0;0.857;0.143;0.3;0.7;0.3;1;0;0;0;161;14.4692;0;12;0;0;0;0;0;0;0;0;0;12;0;0;0;0;0;0;0;0;0;9.6;0;0;0;0;0;0;0;0;0;9.6;0;0;0;0;0;0;0;0;0;1;0;0;0;0;0;0;0;0;0;1;0;0;0;0;0;0;0;0
0.27;0.416;0.66;0.077;0.259;0.607;0.6;10.76;19.3;0.6;16.39;30.1;7.868;296.778;0.047;1.5;6;15.222;33;8.7;10.91;12.8;3.667;0.064;0.042;5.333;72;107.667;179;90;173.333;290;4.25;0;0.2;0.3;0.15;0.1;0.05;0;0;0;0;0.05;0.1;0.05;0;0;0.25;0.688;0.063;0.05;0.8;0.2;0;1;0;0;151;13.6585;0;0;0;0;15;0;3;0;3;0;0;0;0;0;15;0;3;0;3;0;0;0;0;0;12;0;2.4;0;2.4;0;0;0;0;0;12;0;2.4;0;2.4;0;0;0;0;0;0.7143;0;0.1429;0;0.1429;0;0;0;0;0;0.7143;0;0.1429;0;0.1429;0
0.12;0.326;1.41;0.089;0.215;0.388;0;10.78;21.4;4;14.43;24.2;7.768;378.75;0.034;2.063;11;19.75;33;5.7;9.95;14;5.363;0.29;0.163;6.2;111;272.75;636;120;302.5;840;3.5;0;0;0.143;0.286;0.095;0.143;0;0;0;0;0.19;0.143;0;0;0;0;0.786;0.214;0.19;0.667;0.333;0.0594;0.9406;0;0;119;22.3353;3;0;0;0;15;18;0;0;0;0;3;0;0;0;15;18;0;0;0;0;2.285714286;0;0;0;11.42857143;13.71428571;0;0;0;0;2.285714286;0;0;0;11.42857143;13.71428571;0;0;0;0;0.0833;0;0;0;0.4167;0.5;0;0;0;0;0.0833;0;0;0;0.4167;0.5;0;0;0;0
0.22;0.522;0.93;0.154;0.81;1.97;0.1;10.13;20.3;-1.5;13.14;27.5;8.25;1024.125;0.103;6.188;8;16.625;24;7.8;9.89;12.8;3.438;0.096;0.089;13.55;39;117.625;306;70;198.75;440;4.25;0;0.048;0;0;0;0.19;0;0;0.048;0.476;0.048;0;0.19;0;0;0.2;0;0.8;0.571;0.238;0.762;0.5612;0;0.4388;0;150;36.7763;0;18;0;0;0;9;0;0;0;0;0;18;0;0;0;9;0;0;0;0;0;18;0;0;0;9;0;0;0;0;0;18;0;0;0;9;0;0;0;0;0;0.6667;0;0;0;0.3333;0;0;0;0;0;0.6667;0;0;0;0.3333;0;0;0;0
0.16;0.224;0.39;0.052;0.071;0.103;0;9.93;20.7;-3.3;10.76;27;7.906;570.75;0.025;1.5;6;15.5;28;7.9;10.41;13.8;4.238;0.193;0.049;3.175;82;192.875;411;150;271.25;500;4;0;0;0;0.1;0.1;0.5;0;0;0;0;0.05;0.15;0;0.1;0;0;0.286;0.714;0.05;0.7;0.3;0;0.9568;0.0432;0;160;19.814;0;0;0;0;3;0;0;0;0;0;0;0;0;0;3;0;0;0;0;0;0;0;0;0;2.4;0;0;0;0;0;0;0;0;0;2.4;0;0;0;0;0;0;0;0;0;1;0;0;0;0;0;0;0;0;0;1;0;0;0;0;0
0.17;0.302;0.43;0.057;0.108;0.16;0;10.33;20.3;-0.6;12.52;26.2;8.028;479.833;0.046;1.5;8;15.5;22;8.6;10.91;13;3.608;0.476;0.035;4.325;26;166.167;303;130;250.833;380;4;0;0;0.15;0.1;0;0.3;0;0;0;0;0.15;0.2;0.1;0;0;0;0.455;0.545;0.15;0.55;0.45;0;0.9568;0.0432;0;160;19.814;0;0;0;0;9;0;0;0;0;0;0;0;0;0;9;0;0;0;0;0;0;0;0;0;7.2;0;0;0;0;0;0;0;0;0;7.2;0;0;0;0;0;0;0;0;0;1;0;0;0;0;0;0;0;0;0;1;0;0;0;0;0
0.42;0.45;0.48;0.203;0.246;0.287;7.6;10.5;14.6;7.5;13.23;19.5;8.255;906.25;0.056;3.375;17;19.5;25;8.8;10.6;12.3;6.175;0.03;0.043;11.7;150;172.75;209;170;215;270;4;0;0;0.2;0;0.2;0;0.2;0;0;0;0.2;0.2;0;0;0;0;0.667;0.333;0.2;0.6;0.4;1;0;0;0;209;19.3335;0;0;0;0;0;0;5;0;0;13;0;0;0;0;0;0;5;0;0;13;0;0;0;0;0;0;5.333333333;0;0;13.86666667;0;0;0;0;0;0;5.333333333;0;0;13.86666667;0;0;0;0;0;0;0.2778;0;0;0.7222;0;0;0;0;0;0;0.2778;0;0;0.7222
NA;NA;NA;NA;NA;NA;18.4;20.33;23.3;20.9;23.95;26.8;7.738;641;0.1;NA;12;22.75;38;5;6.37;7.7;4.475;0.253;0.39;13.875;305;458.25;805;550;940;1370;3.75;0;0;0.125;0;0;0.25;0.063;0;0;0.313;0.125;0.125;0;0;0;0;0.286;0.714;0.438;0.438;0.563;0;1;0;0;131;12.0758;24;0;0;0;0;0;0;0;0;0;24;0;0;0;0;0;0;0;0;0;24;0;0;0;0;0;0;0;0;0;24;0;0;0;0;0;0;0;0;0;1;0;0;0;0;0;0;0;0;0;1;0;0;0;0;0;0;0;0;0
0.3;0.398;0.45;0.403;0.512;0.62;8.5;13.71;16.4;0.8;14.69;26.2;8.041;627.625;0.025;1.5;6;8.5;14;8.6;9.33;10.4;2.675;0.086;0.09;4.9;52;133.25;176;130;196.25;310;4.25;0;0;0;0;0.35;0.2;0;0;0;0.35;0;0;0.1;0;0;0;0.636;0.364;0.35;0.55;0.45;0;1;0;0;106;20.8717;0;15;0;0;0;0;0;15;0;0;0;15;0;0;0;0;0;15;0;0;0;12;0;0;0;0;0;12;0;0;0;12;0;0;0;0;0;12;0;0;0;0.5;0;0;0;0;0;0.5;0;0;0;0.5;0;0;0;0;0;0.5;0;0
NA;NA;NA;NA;NA;NA;16.5;18.2;20.2;20;24.8;28.2;7.9;583;0.1;NA;2;6.25;12;8.1;8.52;8.93;2.36;0.08;0.055;2.675;73;81.175;97.8;130;145;160;4.25;0;0;0;0;0;0.2;0.1;0;0.3;0.3;0;0;0;0.1;0;0;0;1;0.6;0.3;0.7;0;1;0;0;106;20.8717;0;0;0;0;0;0;0;21;0;0;0;0;0;0;0;0;0;21;0;0;0;0;0;0;0;0;0;16.8;0;0;0;0;0;0;0;0;0;16.8;0;0;0;0;0;0;0;0;0;1;0;0;0;0;0;0;0;0;0;1;0;0
0.22;0.379;0.56;0.22;0.582;1;2.6;12.43;17.5;-0.3;14.09;22.3;8.089;687.25;0.034;2.063;9;15.5;23;7.8;9.59;12;5.813;0.103;0.079;4.813;26;134;248;200;236.25;290;4;0;0;0;0;0;0.15;0.35;0;0;0.4;0;0.05;0;0;0.05;0;0;1;0.4;0.5;0.5;1;0;0;0;96;25.0623;78;0;0;0;0;0;0;189;0;0;78;0;0;0;0;0;0;189;0;0;62.4;0;0;0;0;0;0;151.2;0;0;62.4;0;0;0;0;0;0;151.2;0;0;0.2921;0;0;0;0;0;0;0.7079;0;0;0.2921;0;0;0;0;0;0;0.7079;0;0
0.08;0.305;0.53;0.041;0.233;0.45;4.5;11.63;19;6.8;15.38;30.1;8.308;899.25;0.171;8.5;9;15.417;28;8.9;11.23;13.4;3.858;0.11;0.093;12.3;98;200;346;160;296.667;470;4.25;0;0.1;0.15;0.1;0.25;0.1;0;0;0;0;0.05;0.1;0.15;0;0;0.143;0.714;0.143;0.05;0.7;0.3;0.969;0;0.031;0;228;17.0372;0;0;0;0;0;0;15;3;0;0;0;0;0;0;0;0;15;3;0;0;0;0;0;0;0;0;12;2.4;0;0;0;0;0;0;0;0;12;2.4;0;0;0;0;0;0;0;0;0.8333;0.1667;0;0;0;0;0;0;0;0;0.8333;0.1667;0;0
0.5;0.748;0.96;0.31;0.718;1.29;6.6;15.47;23;1.8;17.17;27;8.172;871.667;0.146;9;8;20.167;40;7.93;9.87;12.5;8.25;0.204;0.217;17.992;145;450.417;1640;370;685.833;1890;3.5;0;0;0.091;0.136;0.091;0.227;0;0;0;0.364;0;0;0.091;0;0;0;0.583;0.417;0.364;0.545;0.455;0;1;0;0;140;40.4683;111;21;0;0;0;0;0;42;0;0;111;21;0;0;0;0;0;42;0;0;80.72727273;15.27272727;0;0;0;0;0;30.54545455;0;0;80.72727273;15.27272727;0;0;0;0;0;30.54545455;0;0;0.6379;0.1207;0;0;0;0;0;0.2414;0;0;0.6379;0.1207;0;0;0;0;0;0.2414;0;0
NA;NA;NA;NA;NA;NA;9.7;15.95;21.1;8.4;16.7;27.7;8.148;908.25;0.069;4.125;15;25.75;50;7.4;8.25;9.4;6.1;0.698;0.318;14.3;192.34;728.61;1020.38;320;1135;1880;3.5;0;0.071;0;0;0.571;0;0.143;0.071;0;0.071;0;0.071;0;0;0;0.091;0.727;0.182;0.143;0.786;0.214;0.1137;0.8863;0;0;147;38.6002;162;234;0;0;0;0;0;0;0;0;162;234;0;0;0;0;0;0;0;0;185.1428571;267.4285714;0;0;0;0;0;0;0;0;185.1428571;267.4285714;0;0;0;0;0;0;0;0;0.4091;0.5909;0;0;0;0;0;0;0;0;0.4091;0.5909;0;0;0;0;0;0;0;0
0.21;0.462;0.76;0.247;0.552;0.83;2.7;15.04;23;-5.8;13.79;29.5;8.126;1047.75;0.025;1.5;14;19.625;27;6.9;9.49;12.5;4.075;0.1;0.28;21.55;864;1554.125;2732;930;1771.25;2920;3.75;0;0.143;0.095;0.095;0.095;0.238;0;0;0;0.048;0.238;0.048;0;0;0;0.214;0.429;0.357;0.286;0.667;0.333;0.1137;0.8863;0;0;147;38.6002;12;63;0;0;0;0;0;3;0;0;12;63;0;0;0;0;0;3;0;0;9.142857143;48;0;0;0;0;0;2.285714286;0;0;9.142857143;48;0;0;0;0;0;2.285714286;0;0;0.1538;0.8077;0;0;0;0;0;0.0385;0;0;0.1538;0.8077;0;0;0;0;0;0.0385;0;0
0.43;0.613;0.89;0.371;0.787;1.36;9.5;16.49;25;6.6;16.64;30;7.981;935.5;0.1;3;12;16.75;29;7.9;9.38;10.9;4.458;0.168;0.264;18.6;241;581.167;1297;330;765;1350;3.75;0;0;0.1;0.2;0.15;0.15;0;0;0.05;0.1;0.05;0;0.1;0;0.1;0;0.75;0.25;0.2;0.6;0.4;0.1137;0.8863;0;0;147;38.6002;30;0;0;0;0;0;0;12;0;0;30;0;0;0;0;0;0;12;0;0;24;0;0;0;0;0;0;9.6;0;0;24;0;0;0;0;0;0;9.6;0;0;0.7143;0;0;0;0;0;0;0.2857;0;0;0.7143;0;0;0;0;0;0;0.2857;0;0
0.31;0.54;0.74;0.03;0.042;0.057;2;11.71;20.7;-1.5;14.5;26.7;8.161;857.25;0.046;1.5;7;9.917;15;8;10.83;13.4;2.433;0.258;0.154;26.308;72;137.5;248;80;175.833;320;4;0;0;0.1;0.2;0.2;0.2;0;0;0;0;0.3;0;0;0;0;0;0.714;0.286;0.3;0.7;0.3;1;0;0;0;174;10.5199;0;0;0;0;0;0;0;0;0;6;0;0;0;0;0;0;0;0;0;6;0;0;0;0;0;0;0;0;0;4.8;0;0;0;0;0;0;0;0;0;4.8;0;0;0;0;0;0;0;0;0;1;0;0;0;0;0;0;0;0;0;1
0.25;0.506;0.84;0.161;0.617;1.7;0.3;12.7;24.6;0;14.17;31;8.148;1394.417;0.146;6.25;21;32.083;64;4.4;8.26;12.2;5.833;0.36;0.151;8.467;280;800.577;1799.52;380;1006.167;2220;3.5;0;0;0;0;0;0.05;0;0;0.35;0.35;0;0;0.15;0.1;0;0;0;1;0.7;0.05;0.95;0.8502;0;0.1498;0;NA;54.4518;6;0;0;0;0;0;0;0;0;0;6;0;0;0;0;0;0;0;0;0;4.8;0;0;0;0;0;0;0;0;0;4.8;0;0;0;0;0;0;0;0;0;1;0;0;0;0;0;0;0;0;0;1;0;0;0;0;0;0;0;0;0
0.55;0.55;0.55;0.521;0.521;0.521;0;14.39;25.5;2;15.83;27;8.16;1313.167;0.171;8.5;11;31.25;42;2.6;8.73;12.5;6.367;0.587;0.133;6.867;150;695.717;1675.6;310;971.667;2370;3.5;0;0;0;0;0.05;0.2;0;0;0.25;0.25;0.1;0;0.1;0.05;0;0;0.2;0.8;0.6;0.25;0.75;0.8502;0;0.1498;0;NA;54.4518;3;0;0;0;0;0;0;0;0;0;3;0;0;0;0;0;0;0;0;0;2.4;0;0;0;0;0;0;0;0;0;2.4;0;0;0;0;0;0;0;0;0;1;0;0;0;0;0;0;0;0;0;1;0;0;0;0;0;0;0;0;0
0.23;0.333;0.43;0.058;0.15;0.219;0.9;13.12;25.9;0;13.58;28;8.128;1441.667;0.163;5.25;6;29.25;46;5.5;8.27;11.7;6.517;0.283;0.102;7.95;183;621.417;1340;330;822.5;1770;3.5;0;0;0;0;0;0.15;0;0;0.2;0.5;0.05;0;0.1;0;0;0;0;1;0.75;0.15;0.85;0.8502;0;0.1498;0;NA;54.4518;27;0;0;0;0;0;0;0;0;0;27;0;0;0;0;0;0;0;0;0;21.6;0;0;0;0;0;0;0;0;0;21.6;0;0;0;0;0;0;0;0;0;1;0;0;0;0;0;0;0;0;0;1;0;0;0;0;0;0;0;0;0
NA;NA;NA;NA;NA;NA;0.8;9.52;16.1;-1.3;10.4;21.2;8.113;914.222;0.072;4.333;22;31.111;44;5.8;10.54;13.7;6.667;0.109;0.136;12.556;85;157.544;355;120;234.444;660;4;0;0;0.133;0;0.2;0;0.067;0;0;0.4;0;0;0.2;0;0;0;0.833;0.167;0.4;0.4;0.6;0;1;0;0;89;15.8718;1;0;0;0;0;0;0;0;0;0;1;0;0;0;0;0;0;0;0;0;1.066666667;0;0;0;0;0;0;0;0;0;1.066666667;0;0;0;0;0;0;0;0;0;1;0;0;0;0;0;0;0;0;0;1;0;0;0;0;0;0;0;0;0
NA;NA;NA;NA;NA;NA;1.5;10.28;19.8;-5.2;14.15;27.6;7.733;248.167;0.025;1.5;6;13.667;36;8.2;10.22;12.4;3.583;0.051;0.023;5.458;3.26;37.218;107.58;20;67.5;160;4.5;0;0.322;0.167;0.167;0.2;0;0;0;0;0;0;0.111;0.033;0;0;0.377;0.623;0;0;0.856;0.144;0;0;1;0;213;15.8718;0;3;0;0;0;0;1;0;0;13;0;3;0;0;0;0;1;0;0;12;0;3.2;0;0;0;0;1.066666667;0;0;13.86666667;0;3.2;0;0;0;0;1.066666667;0;0;12.8;0;0.1765;0;0;0;0;0.0588;0;0;1;0;0.1765;0;0;0;0;0.0588;0;0;0.88235
0.23;0.45;0.9;0.046;0.145;0.366;0.8;9.44;19.2;-2.8;11.93;26;7.513;208.417;0.025;1.5;8;14.5;36;7.4;10.13;13;4.675;0.041;0.034;6.767;3.26;49.132;160;20;78.333;240;4.5;0.022;0.333;0.222;0.072;0.044;0;0;0;0;0;0;0.117;0.189;0;0;0.512;0.488;0;0;0.694;0.306;0;0;1;0;213;15.8718;0;7;0;0;0;0;4;0;0;9;0;7;0;0;0;0;4;0;0;6.5;0;5.6;0;0;0;0;4.266666667;0;0;7.2;0;5.6;0;0;0;0;3.733333333;0;0;5.733333333;0;1;0;0;0;0;0.5;0;0;0.6923;0;1;0;0;0;0;0.40385;0;0;0.59615
0.1;0.267;0.51;0.009;0.062;0.158;0.1;7.88;19.5;-6.4;9.78;23.9;7.702;245.25;0.025;1.5;8;12.25;26;7.6;10.81;13.5;3.533;0.075;0.045;3.117;3.26;29.043;140;10;65.833;220;4.5;0.011;0.189;0.358;0.075;0.106;0;0;0;0;0;0;0.189;0.072;0;0;0.271;0.729;0;0;0.739;0.261;0;0;1;0;213;15.8718;0;0;0;0;1;0;78;0;0;11;0;0;0;0;1;0;43;0;0;7.333333333;0;0;0;0;0.8;0;62.4;0;0;8.8;0;0;0;0;0.8;0;34.4;0;0;5.866666667;0;0;0;0;0.05;0;0.975;0;0;1;0;0;0;0;0.05;0;0.6875;0;0;0.525
0.14;0.2;0.38;0.005;0.02;0.046;0.2;8.86;18.5;-3.4;9.47;24.2;7.647;283.75;0.025;1.5;5;13.917;30;7.2;10.24;14;3.117;0.023;0.019;3.942;3.5;58.958;411;20;82.5;440;4.5;0;0.269;0.194;0.138;0.056;0.056;0;0;0;0;0;0.05;0.113;0.125;0;0.377;0.544;0.079;0;0.713;0.288;0;0;1;0;213;15.8718;0;3;0;0;3;0;12;3;0;0;0;3;0;0;3;0;12;3;0;0;0;3;0;0;2.4;0;12;2.4;0;0;0;3;0;0;2.4;0;12;2.4;0;0;0;0.2;0;0;0.5;0;0.8;0.5;0;0;0;0.2;0;0;0.5;0;0.8;0.5;0;0
0.25;0.255;0.26;0.03;0.031;0.031;0.1;8.39;18.5;0.4;11.03;19.5;7.586;197.583;0.025;1.5;7;13.75;21;7.4;10.51;13;2.975;0.024;0.013;3.758;3.5;17.125;42;20;71.667;130;4.5;0;0.236;0.236;0.068;0.12;0.05;0;0;0;0;0;0.216;0.073;0;0;0.332;0.597;0.07;0;0.711;0.289;0;0;1;0;213;15.8718;0;0;0;0;6;0;171;0;0;0;0;0;0;0;6;0;171;0;0;0;0;0;0;0;4.8;0;124.3636364;0;0;0;0;0;0;0;4.8;0;124.3636364;0;0;0;0;0;0;0;1;0;1;0;0;0;0;0;0;0;1;0;1;0;0;0
0.1;0.26;0.64;0.006;0.184;0.843;0.6;11.01;20.6;0.3;14.1;23;7.73;189.75;0.1;3;8;14.5;28;8.1;10.83;14.3;3.175;0.07;0.015;4.042;6.52;15.042;55.42;30;68.917;260;4.5;0;0.1;0.25;0.2;0.05;0.05;0;0;0;0;0;0.15;0.2;0;0;0.154;0.769;0.077;0;0.65;0.35;0;0;1;0;213;15.8718;0;0;0;0;6;0;0;0;0;0;0;0;0;0;6;0;0;0;0;0;0;0;0;0;4.8;0;0;0;0;0;0;0;0;0;4.8;0;0;0;0;0;0;0;0;0;1;0;0;0;0;0;0;0;0;0;1;0;0;0;0;0
0.34;0.425;0.52;0.133;0.176;0.222;0.8;10.28;19;-1.9;12.59;25.2;8.006;377.75;0.064;3.857;10;15.125;21;8.5;10.51;13.2;5.788;0.126;0.098;14.663;52;122.58;208.64;80;145;220;4;0;0;0;0;0.267;0.267;0;0;0.2;0;0.133;0.133;0;0;0;0;0.5;0.5;0.333;0.533;0.467;0;1;0;0;159;16.5079;0;18;0;0;0;0;0;0;0;0;0;18;0;0;0;0;0;0;0;0;0;19.2;0;0;0;0;0;0;0;0;0;19.2;0;0;0;0;0;0;0;0;0;1;0;0;0;0;0;0;0;0;0;1;0;0;0;0;0;0;0;0
0.1;0.27;0.65;0.028;0.102;0.261;0.2;10.68;19.9;-0.2;12.6;26.3;8.097;556.917;0.046;1.5;7;13.417;34;8.9;10.96;13.3;3.067;0.08;0.056;19.192;121;275.167;564;170;319.167;600;4;0;0.25;0.2;0.15;0.15;0;0;0;0;0;0.25;0;0;0;0;0.333;0.667;0;0.25;0.75;0.25;0;1;0;0;159;16.5079;3;9;0;0;0;0;0;0;0;0;3;9;0;0;0;0;0;0;0;0;2.4;7.2;0;0;0;0;0;0;0;0;2.4;7.2;0;0;0;0;0;0;0;0;0.25;0.75;0;0;0;0;0;0;0;0;0.25;0.75;0;0;0;0;0;0;0;0
NA;NA;NA;NA;NA;NA;0.2;8.4;15.9;0.9;11.42;21.5;7.737;265.667;0.025;1.5;8;22.417;134;8.4;10.42;12.8;3.733;0.048;0.018;2.733;3.26;10.867;26.08;5;57.083;340;4.75;0.089;0.444;0.178;0.156;0;0;0;0;0;0;0.089;0;0.044;0;0;0.615;0.385;0;0.089;0.867;0.133;0;0;1;0;354;8.4371;0;0;0;0;14;0;4;0;0;1;0;0;0;0;14;0;4;0;0;1;0;0;0;0;14.93333333;0;4.266666667;0;0;1.066666667;0;0;0;0;14.93333333;0;4.266666667;0;0;1.066666667;0;0;0;0;0.7778;0;0.2222;0;0;1;0;0;0;0;0.7778;0;0.2222;0;0;1
0.35;0.497;0.77;0.225;0.577;1.14;0.1;8.53;18.9;1.2;11.68;23.3;7.573;209.333;0.025;1.5;8;14.583;27;6.5;10.41;13.6;4.533;0.022;0.033;2.25;3.26;15.235;46;10;35;80;4.5;0.125;0.258;0.292;0.083;0.011;0;0;0;0;0;0;0.192;0.039;0;0;0.498;0.502;0;0;0.769;0.231;0;0;1;0;354;8.4371;0;0;0;0;4;0;52;0;0;11;0;0;0;0;4;0;52;0;0;6;0;0;0;0;3.2;0;41.6;0;0;11.73333333;0;0;0;0;3.2;0;41.6;0;0;6.266666667;0;0;0;0;1;0;0.9811;0;0;1;0;0;0;0;1;0;0.9811;0;0;0.50945
0.11;0.18;0.28;0.004;0.05;0.184;0;7.34;16.9;2;14.38;29.8;7.888;322.5;0.025;1.5;8;11.25;17;8.4;10.98;13.4;3.142;0.033;0.008;1.967;3.26;25.188;82;20;60.833;170;4.5;0;0.425;0.175;0.075;0.05;0;0;0;0;0;0.05;0.15;0.075;0;0;0.586;0.414;0;0.05;0.725;0.275;0;0;1;0;354;8.4371;0;0;0;0;3;0;43;0;0;12;0;0;0;0;3;0;43;0;0;6.5;0;0;0;0;2.4;0;34.4;0;0;9.6;0;0;0;0;2.4;0;34.4;0;0;5.2;0;0;0;0;0.2;0;0.9773;0;0;0.8;0;0;0;0;0.2;0;0.9773;0;0;0.41135
0.16;0.278;0.42;0.007;0.023;0.065;0.2;8.67;20.7;-4.6;10.45;26.8;7.82;417;0.025;1.636;5;11.273;18;6.6;10.31;13.1;2.5;0.015;0.007;2.764;3.26;11.069;29;10;33.636;50;4.75;0;0.275;0.125;0.15;0.1;0.05;0;0;0;0;0.05;0.125;0.125;0;0;0.393;0.536;0.071;0.05;0.7;0.3;0;0;1;0;354;8.4371;0;0;0;0;27;0;0;0;0;5;0;0;0;0;27;0;0;0;0;5;0;0;0;0;21.6;0;0;0;0;4;0;0;0;0;21.6;0;0;0;0;4;0;0;0;0;1;0;0;0;0;1;0;0;0;0;1;0;0;0;0;1
0.08;0.234;0.49;0.018;0.179;0.825;2.2;10.78;18.6;3.6;13.35;24.6;7.795;293.417;0.1;3;5;10.083;29;8.9;10.71;13.3;2.45;0.072;0.019;3.975;6.5;9.893;42.38;10;44.167;130;4.75;0;0.3;0.2;0.05;0.1;0.05;0;0;0;0;0;0.2;0.1;0;0;0.429;0.5;0.071;0;0.7;0.3;0;0;1;0;354;8.4371;0;0;0;0;0;0;0;0;0;3;0;0;0;0;0;0;0;0;0;3;0;0;0;0;0;0;0;0;0;2.4;0;0;0;0;0;0;0;0;0;2.4;0;0;0;0;0;0;0;0;0;1;0;0;0;0;0;0;0;0;0;1
NA;NA;NA;NA;NA;NA;0.2;11.35;22.2;1.2;14.14;24.2;7.968;416.25;0.071;4.25;8;15.167;36;8.9;10.93;12.7;4.517;0.165;0.141;7.083;13.04;101.06;244.5;40;137.5;330;4;0;0.583;0.021;0.066;0.056;0;0.01;0;0;0;0.132;0.076;0.056;0;0;0.792;0.193;0.014;0.132;0.736;0.264;1;0;0;0;146;17.0657;0;6;0;0;0;2;0;0;0;1;0;4.5;0;0;0;2;0;0;0;1;0;6;0;0;0;2.133333333;0;0;0;1.066666667;0;4.6;0;0;0;2.133333333;0;0;0;1.066666667;0;1;0;0;0;0.3333;0;0;0;0.1667;0;0.75;0;0;0;0.3333;0;0;0;0.1667
0.76;1.275;1.79;0.386;1.893;3.4;0.7;9.61;21.8;1;12.5;26.8;7.724;292.2;0.025;1.5;12;17.1;32;8.7;10.89;12.7;4.99;0.056;0.05;5.12;23;51.82;124;30;78;150;4.5;0;0.006;0.575;0.135;0.071;0;0;0;0;0;0.025;0.129;0.058;0;0;0.008;0.992;0;0.025;0.788;0.213;1;0;0;0;146;17.0657;0;8;0;0;0;0;8;0;25;4;0;8;0;0;0;0;7;0;25;4;0;8.533333333;0;0;0;0;8.533333333;0;26.66666667;4.266666667;0;8.533333333;0;0;0;0;6.666666667;0;26.66666667;4.266666667;0;0.1778;0;0;0;0;1;0;0.5556;0.0889;0;0.1778;0;0;0;0;0.5889;0;0.5556;0.0889
0.17;0.457;0.65;0.008;0.159;0.399;0;11.53;25.6;3.3;14.37;29.9;8.205;444.583;0.121;7.25;7;14.083;21;7;11.01;13.6;4.725;0.356;0.198;4.65;13;102.5;502;50;177.5;740;4;0;0.5;0.073;0.103;0.059;0.045;0;0;0;0;0.058;0.074;0.088;0;0;0.641;0.301;0.058;0.058;0.78;0.22;1;0;0;0;146;17.0657;0;9;0;0;0;3;3;0;9;3;0;5;0;0;0;3;3;0;9;3;0;6;0;0;0;2.4;2;0;6;2.4;0;3.4;0;0;0;2.2;2;0;6;2.2;0;0.3333;0;0;0;0.4286;0.1111;0;0.3333;0.4286;0;0.2381;0;0;0;0.26985;0.1111;0;0.3333;0.26985
0.25;0.757;1.28;0.02;0.133;0.329;0.2;11.71;25;-4.8;13.29;32.5;8.217;612.818;0.107;6.545;7;12.636;18;8.5;11.55;13.3;3.373;0.275;0.223;7.191;20;177.727;727;70;219.091;810;4;0;0.3;0.3;0.1;0.15;0.05;0;0;0;0;0.1;0;0;0;0;0.333;0.611;0.056;0.1;0.9;0.1;1;0;0;0;146;17.0657;0;6;0;0;0;0;0;0;0;6;0;6;0;0;0;0;0;0;0;6;0;4.8;0;0;0;0;0;0;0;4.8;0;4.8;0;0;0;0;0;0;0;4.8;0;0.5;0;0;0;0;0;0;0;0.5;0;0.5;0;0;0;0;0;0;0;0.5
0.55;1;1.58;0.055;0.406;1.28;1.4;11.64;23.9;3.6;15.08;32.4;8.018;471.75;0.092;5.5;10;19.667;74;9.3;11.43;12.8;4.008;0.157;0.152;9.067;7;104.833;319;50;182.5;420;4;0;0.286;0.286;0.143;0.095;0.048;0;0;0;0;0;0.143;0;0;0;0.333;0.611;0.056;0;0.857;0.143;1;0;0;0;146;17.0657;0;3;0;0;0;0;0;0;0;0;0;3;0;0;0;0;0;0;0;0;0;2.285714286;0;0;0;0;0;0;0;0;0;2.285714286;0;0;0;0;0;0;0;0;0;1;0;0;0;0;0;0;0;0;0;1;0;0;0;0;0;0;0;0
0.62;1.13;2.27;0.011;0.299;1.62;2.4;12.52;22.1;3;15.18;24.4;8.108;365.083;0.179;8.5;5;12.417;29;8.7;11.96;17.8;3.233;0.158;0.133;6.458;10;46.998;120.6;50;115.833;280;4.25;0;0.069;0.413;0.119;0.019;0.069;0.063;0;0;0;0.019;0.181;0.05;0;0;0.092;0.733;0.175;0.019;0.75;0.25;1;0;0;0;146;17.0657;0;9;0;0;0;3;0;0;9;6;0;9;0;0;0;3;0;0;9;6;0;7.2;0;0;0;2.4;0;0;7.2;4.8;0;7.2;0;0;0;2.4;0;0;7.2;4.8;0;0.375;0;0;0;0.3333;0;0;0.375;0.6667;0;0.375;0;0;0;0.3333;0;0;0.375;0.45835
0.45;0.797;1.29;0.146;1.58;4.12;5.1;13.98;22.1;8.5;16.03;28.1;8.013;875.5;0.025;1.5;16;19.5;26;7.9;9.15;11.3;4.45;0.095;0.04;25.425;39.12;293.4;560.72;190;487.5;760;3.5;0;0.067;0.6;0;0.067;0;0.067;0;0;0;0.2;0;0;0;0;0.083;0.833;0.083;0.2;0.8;0.2;0.1456;0.8544;0;0;123;24.2488;0;2;0;0;0;0;0;0;0;0;0;2;0;0;0;0;0;0;0;0;0;2.133333333;0;0;0;0;0;0;0;0;0;2.133333333;0;0;0;0;0;0;0;0;0;1;0;0;0;0;0;0;0;0;0;1;0;0;0;0;0;0;0;0
0.17;0.266;0.41;0.054;0.17;0.281;1.2;13.36;20.6;-2.6;14.79;25.9;7.91;1097.75;0.025;1.5;15;39.75;184;5.3;8.56;13.5;8.375;0.621;0.534;30.238;88;465.875;962;330;783.75;1600;3.5;0;0;0;0.25;0.2;0.1;0;0;0;0.15;0.2;0.1;0;0;0;0;0.818;0.182;0.35;0.55;0.45;0.1456;0.8544;0;0;123;24.2488;0;0;0;0;0;0;0;15;0;0;0;0;0;0;0;0;0;15;0;0;0;0;0;0;0;0;0;12;0;0;0;0;0;0;0;0;0;12;0;0;0;0;0;0;0;0;0;1;0;0;0;0;0;0;0;0;0;1;0;0
0.11;0.363;0.687;0.02;0.325;1.767;3.6;13.53;22.7;-1;15.25;28.2;7.709;894.417;0.1;3;11;29.083;88;5.5;9.47;12.6;6.275;0.543;0.103;24.483;49;278.25;574;130;493.333;1190;3;0;0;0;0.13;0.13;0.13;0;0;0.217;0.174;0.087;0.043;0.043;0.043;0;0;0.667;0.333;0.478;0.391;0.609;0.1456;0.8544;0;0;123;24.2488;0;9;0;0;0;0;0;0;0;0;0;9;0;0;0;0;0;0;0;0;0;6.260869565;0;0;0;0;0;0;0;0;0;6.260869565;0;0;0;0;0;0;0;0;0;1;0;0;0;0;0;0;0;0;0;1;0;0;0;0;0;0;0;0
0.07;0.258;0.39;0.08;0.266;0.871;0.9;10.75;20.3;-0.6;13.93;26.2;8.066;957.727;0.025;1.5;10;22.636;49;5.6;10.2;13;5.455;0.104;0.145;8.727;3.5;89.591;456;40;200;980;4;0;0;0;0.1;0;0.4;0;0;0;0.25;0;0.1;0.15;0;0;0;0.2;0.8;0.25;0.5;0.5;1;0;0;0;165;20.9333;0;0;0;0;0;0;0;0;0;3;0;0;0;0;0;0;0;0;0;3;0;0;0;0;0;0;0;0;0;2.4;0;0;0;0;0;0;0;0;0;2.4;0;0;0;0;0;0;0;0;0;1;0;0;0;0;0;0;0;0;0;1
NA;NA;NA;NA;NA;NA;16.8;19.18;22.4;19.1;23.78;28.5;8.125;897.25;0.188;NA;13;15.75;21;6.6;8.28;9.6;3.35;0.123;0.033;6.525;9.78;72.695;130;150;170;190;4.5;0;0;0.2;0.35;0.2;0;0;0;0;0;0.25;0;0;0;0;0;1;0;0.25;0.75;0.25;1;0;0;0;NA;20.9529;0;9;0;0;0;0;0;0;0;0;0;9;0;0;0;0;0;0;0;0;0;7.2;0;0;0;0;0;0;0;0;0;7.2;0;0;0;0;0;0;0;0;0;1;0;0;0;0;0;0;0;0;0;1;0;0;0;0;0;0;0;0
NA;NA;NA;NA;NA;NA;1.2;11.44;19.3;-3.8;11.9;25.9;8.046;1381.8;0.16;9.6;12;17.8;24;2.3;6.84;10.1;4.42;1.188;0.218;26.2;283.62;755.668;1092.1;320;954;1430;3.25;0;0.2;0.133;0;0.067;0;0.133;0;0;0.2;0.2;0;0.067;0;0;0.375;0.375;0.25;0.4;0.533;0.467;0.6926;0.3074;0;0;154;30.4328;33;0;0;0;0;0;0;0;0;0;33;0;0;0;0;0;0;0;0;0;35.2;0;0;0;0;0;0;0;0;0;35.2;0;0;0;0;0;0;0;0;0;1;0;0;0;0;0;0;0;0;0;1;0;0;0;0;0;0;0;0;0
0.71;0.967;1.12;0.074;0.218;0.327;0.2;11.8;20.3;-10.6;10.05;18.9;7.943;1370.875;0.025;1.5;14;26.5;43;3.4;7.79;10.5;6.625;2.09;0.17;15.65;218;860.625;1591;460;1048.75;2010;2.75;0;0;0;0;0;0.316;0;0;0;0.105;0.368;0.105;0.053;0.053;0;0;0;1;0.474;0.316;0.684;0.6926;0.3074;0;0;154;30.4328;18;0;0;0;0;0;0;0;0;0;18;0;0;0;0;0;0;0;0;0;15.15789474;0;0;0;0;0;0;0;0;0;15.15789474;0;0;0;0;0;0;0;0;0;1;0;0;0;0;0;0;0;0;0;1;0;0;0;0;0;0;0;0;0
0.23;0.566;0.84;0.863;1.285;1.66;1.3;12.2;20.4;-2.6;10.63;21.3;7.966;712.889;0.025;1.5;10;13.556;23;5.9;8.41;10.8;3.188;0.1;0.096;6.856;10;44.482;130;20;68.889;140;4.5;0;0;0;0;0;0.333;0.333;0;0;0.267;0;0;0.067;0;0;0;0;1;0.267;0.667;0.333;1;0;0;0;103;15.8583;0;0;0;2;0;0;0;0;2;0;0;0;0;2;0;0;0;0;2;0;0;0;0;2.133333333;0;0;0;0;2.133333333;0;0;0;0;2.133333333;0;0;0;0;2.133333333;0;0;0;0;0.5;0;0;0;0;0.5;0;0;0;0;0.5;0;0;0;0;0.5;0
0.31;0.518;0.75;0.517;0.825;1.24;5.3;13.13;20.5;-5.2;13.75;34.2;7.976;668.364;0.025;1.5;2;6;9;7.7;11.2;14.9;1.827;0.053;0.036;6.064;7;20.909;42;20;56.364;190;4.75;0;0;0;0;0;0.2;0;0;0.45;0.2;0.1;0;0;0.05;0;0;0;1;0.75;0.2;0.8;1;0;0;0;103;15.8583;0;3;0;0;0;0;0;0;0;0;0;3;0;0;0;0;0;0;0;0;0;2.4;0;0;0;0;0;0;0;0;0;2.4;0;0;0;0;0;0;0;0;0;1;0;0;0;0;0;0;0;0;0;1;0;0;0;0;0;0;0;0
0.07;0.268;0.52;0.004;0.017;0.028;6.1;14.54;23.4;12.8;20.2;29.2;7.803;400;0.025;1.5;12;18.429;26;5.8;8.93;12.9;4.8;0.041;0.016;1.543;68;151.714;306;50;168.571;320;4.25;0;0.25;0.1;0.25;0.15;0.1;0;0;0;0;0.05;0.05;0.05;0;0;0.294;0.588;0.118;0.05;0.85;0.15;0;1;0;0;100;12.9366;9;0;0;0;0;0;0;0;0;0;9;0;0;0;0;0;0;0;0;0;7.2;0;0;0;0;0;0;0;0;0;7.2;0;0;0;0;0;0;0;0;0;1;0;0;0;0;0;0;0;0;0;1;0;0;0;0;0;0;0;0;0
NA;NA;NA;NA;NA;NA;0.2;11.43;21.4;-9;15.32;28.1;8.107;488.417;0.11;6.625;9;16.417;34;7.1;10.04;13.4;3.175;0.264;0.047;9.575;61.94;121.435;208.64;100;207.5;380;3.75;0;0.275;0.242;0.167;0;0.125;0;0;0;0;0.086;0.106;0;0;0;0.34;0.505;0.155;0.086;0.808;0.192;0;1;0;0;154;176.0448;0;3;0;8;0;0;0;7;0;0;0;3;0;6.5;0;0;0;4;0;0;0;3;0;8;0;0;0;7.466666667;0;0;0;3;0;6.666666667;0;0;0;4.233333333;0;0;0;0.25;0;0.6667;0;0;0;0.5833;0;0;0;0.25;0;0.5417;0;0;0;0.3333;0;0
0.65;0.948;2.45;25.8;67.21;171;0.4;9.83;22.5;-1.9;13.6;31.2;8.033;476.667;0.025;1.5;10;13.583;19;7.1;10.62;13;3.692;0.176;0.039;9.483;36;72.565;107.58;50;116.667;160;4;0;0.1;0.144;0.263;0.2;0.138;0;0;0;0;0.063;0.038;0;0.056;0;0.119;0.719;0.163;0.063;0.844;0.156;0;1;0;0;154;176.0448;0;1;0;28;0;0;0;49;45;0;0;1;0;16;0;0;0;26.5;24;0;0;0.8;0;22.4;0;0;0;39.2;36;0;0;0.8;0;12.8;0;0;0;21.2;19.2;0;0;0.0081;0;0.3636;0;0;0;0.3984;0.3659;0;0;0.0081;0;0.2956;0;0;0;0.381;0.3193;0
0.57;0.695;0.83;9.51;23.616;55.8;1.8;11.28;24;1.8;14.72;29.8;8.077;559.5;0.025;1.5;6;13.167;20;7;10.3;12.6;3.425;0.167;0.039;10.408;29;106.25;228;60;180.833;400;3.5;0;0.189;0.113;0.293;0.019;0.085;0;0;0;0;0.019;0.264;0.019;0;0;0.27;0.608;0.122;0.019;0.698;0.302;0;1;0;0;154;176.0448;3;0;0;48;0;0;0;60;90;0;3;0;0;39;0;0;0;39;88.5;0;2.181818182;0;0;38.4;0;0;0;48;69.6;0;2.181818182;0;0;30.10909091;0;0;0;30.54545455;67.52727273;0;0.0213;0;0;0.2462;0;0;0;0.3077;0.6383;0;0.0213;0;0;0.2295;0;0;0;0.2177;0.54225;0
0.626;0.728;0.94;9.26;18.886;39.893;0.3;11.87;24.1;-5.4;13.65;33.8;8.084;591.083;0.044;2.625;9;14.75;37;7;10.19;13.3;3.458;0.193;0.047;9.283;42;153;205;120;232.5;540;3.75;0;0.2;0.25;0.175;0.15;0;0;0;0;0;0.15;0.05;0;0.025;0;0.258;0.742;0;0.15;0.775;0.225;0;1;0;0;154;176.0448;0;0;0;23;0;12;0;30;0;0;0;0;0;16;0;7;0;20.5;0;0;0;0;0;18.4;0;9.6;0;24;0;0;0;0;0;12.8;0;5.6;0;16.4;0;0;0;0;0;0.6389;0;0.2353;0;0.5882;0;0;0;0;0;0.4077;0;0.14545;0;0.4469;0;0
0.7;0.88;1.22;10.4;47.625;114.164;0.5;10.68;22.7;-0.7;14.29;28.6;8.038;499.833;0.044;2.625;6;15.167;34;7.1;10.6;14.2;3.842;0.162;0.025;9.075;29;100.583;196;110;203.333;450;3.75;0;0.191;0.286;0.095;0.025;0.143;0;0;0;0;0.114;0.145;0;0;0;0.258;0.549;0.193;0.114;0.741;0.259;0;1;0;0;154;176.0448;0;0;0;9;0;0;0;33;54;0;0;0;0;7.5;0;0;0;22.5;28.5;0;0;0;0;7.2;0;0;0;24;39.27272727;0;0;0;0;5.781818182;0;0;0;16.8;20.83636364;0;0;0;0;0.375;0;0;0;0.5;0.5806;0;0;0;0;0.21975;0;0;0;0.4274;0.3528;0
0.673;0.885;1.284;20.6;41.834;123.52;3.8;12.83;20.8;3.5;18.28;31.5;7.991;495.667;0.046;1.5;6;11;17;7.1;9.98;12.7;2.783;0.199;0.033;9.617;49;134.917;473;110;200;530;3.75;0;0.292;0.067;0.155;0.077;0.158;0;0;0;0;0.077;0.097;0.077;0;0;0.391;0.399;0.211;0.077;0.748;0.252;0;1;0;0;154;176.0448;0;0;0;36;0;0;0;12;12;0;0;0;0;21;0;0;0;10.5;12;0;0;0;0;28.8;0;0;0;9.6;8.727272727;0;0;0;0;16.58181818;0;0;0;8.072727273;8.727272727;0;0;0;0;0.75;0;0;0;0.3333;0.4444;0;0;0;0;0.4861;0;0;0;0.29165;0.4444;0
NA;NA;NA;NA;NA;NA;1.4;12.03;24.6;0;13.81;32.4;8.053;524.917;0.1;3;6;9.75;14;8.1;10.58;13;2.883;0.13;0.031;10.55;36;106.25;274;100;169.167;300;3.5;0;0.242;0.144;0.113;0.097;0.13;0;0;0;0;0.082;0.16;0.032;0;0;0.333;0.487;0.179;0.082;0.726;0.274;0;1;0;0;154;176.0448;0;9;0;6;0;3;0;3;3;6;0;9;0;6;0;3;0;3;3;6;0;6.857142857;0;4.8;0;2.285714286;0;2.285714286;2.4;4.8;0;6.857142857;0;4.685714286;0;2.285714286;0;2.285714286;2.342857143;4.8;0;0.375;0;0.4;0;0.125;0;0.125;0.2;0.4;0;0.375;0;0.325;0;0.125;0;0.125;0.1625;0.4
NA;NA;NA;NA;NA;NA;1.7;11.94;21.9;-0.6;14.16;28.7;7.978;458.917;0.1;3;7;14.25;36;7.9;10;12.8;3.8;0.543;0.036;9.608;13.04;96.153;352;80;213.5;632;3.75;0;0.15;0.15;0.15;0.15;0.156;0.05;0;0;0;0.131;0.063;0;0;0;0.186;0.558;0.256;0.131;0.806;0.194;0;1;0;0;154;176.0448;0;0;0;51;0;3;0;18;3;0;0;0;0;40.5;0;3;0;18;3;0;0;0;0;40.8;0;2.4;0;14.4;2.4;0;0;0;0;32.4;0;2.4;0;14.4;2.4;0;0;0;0;0.8947;0;0.0526;0;0.375;0.0526;0;0;0;0;0.75985;0;0.0526;0;0.375;0.0526;0
NA;NA;NA;NA;NA;NA;0;11.83;22.3;-1.4;14.71;28.2;7.996;543;0.1;3;6;11.167;19;7.8;9.98;13.3;2.817;0.187;0.034;10.083;39.1;87.667;352.1;110;206.75;380;3.5;0;0.067;0.133;0.133;0.183;0.217;0.017;0;0.017;0;0.05;0.117;0.067;0;0;0.089;0.6;0.311;0.067;0.75;0.25;0;1;0;0;154;176.0448;0;0;0;81;0;18;0;30;0;0;0;0;0;70.5;0;18;0;18;0;0;0;0;0;64.8;0;14.4;0;24;0;0;0;0;0;56.4;0;14.4;0;14.4;0;0;0;0;0;0.7297;0;0.2143;0;0.2703;0;0;0;0;0;0.722;0;0.2143;0;0.17085;0;0
NA;NA;NA;NA;NA;NA;1.7;12.59;23.6;-0.7;15.47;27.1;8.057;488.5;0.133;6.5;5;10.167;20;6.8;10.67;13.4;3.675;0.123;0.025;9.208;36.8;67.875;163;110;238.333;650;4.25;0;0.1;0.35;0.175;0.075;0.175;0;0;0;0;0;0.075;0.05;0;0;0.114;0.686;0.2;0;0.875;0.125;0;1;0;0;154;176.0448;0;0;0;54;0;9;0;27;6;0;0;0;0;36;0;9;0;18;6;0;0;0;0;43.2;0;7.2;0;21.6;4.8;0;0;0;0;28.8;0;7.2;0;14.4;4.8;0;0;0;0;0.75;0;0.125;0;0.5294;0.1176;0;0;0;0;0.55145;0;0.125;0;0.3272;0.1176;0
0.42;0.735;0.93;14.6;54.55;92.1;0.2;11.21;22.7;-5.4;13.09;27;8.12;509;1.386;83.182;9;17.364;42;8.2;10.14;12.9;5.1;0.275;0.104;9.391;6.52;101.653;185.82;100;208.182;630;3.75;0;0;0.6;0;0;0.2;0;0;0;0;0.2;0;0;0;0;0;0.75;0.25;0.2;0.8;0.2;0.4097;0.5903;0;0;103;255.5285;0;0;0;0;0;0;0;1;0;0;0;0;0;0;0;0;0;1;0;0;0;0;0;0;0;0;0;1.066666667;0;0;0;0;0;0;0;0;0;1.066666667;0;0;0;0;0;0;0;0;0;1;0;0;0;0;0;0;0;0;0;1;0;0
0.25;0.62;0.86;22.2;63.338;122.05;1.1;11.36;19.3;-1.8;14.17;27.3;8.007;493.786;0.025;1.5;11;15.071;31;6.8;9.29;12.3;3.991;0.131;0.115;9.507;3.26;53.141;82;60;135;290;4.25;0;0;0;0.1;0.4;0.3;0;0;0;0;0;0.2;0;0;0;0;0.625;0.375;0;0.8;0.2;0.4097;0.5903;0;0;103;255.5285;0;0;0;1;0;0;0;6;2;0;0;0;0;1;0;0;0;6;2;0;0;0;0;0.8;0;0;0;4.8;1.6;0;0;0;0;0.8;0;0;0;4.8;1.6;0;0;0;0;0.1111;0;0;0;0.6667;0.2222;0;0;0;0;0.1111;0;0;0;0.6667;0.2222;0
0.41;0.553;0.64;10.8;23.333;40.4;0.3;10.45;21.2;-6.6;11.33;25.1;8.22;621;0.042;2.5;8;12.667;21;8.4;10.86;13;4.25;0.196;0.104;10.433;13;56.25;183;50;119.167;290;4.25;0;0.018;0;0.353;0.228;0.094;0;0;0;0;0;0.214;0.094;0;0;0.026;0.839;0.135;0;0.692;0.308;0.4097;0.5903;0;0;103;255.5285;0;1;0;20;0;0;0;15;3;0;0;1;0;17.5;0;0;0;12;3;0;0;0.8;0;15.23809524;0;0;0;12;2.4;0;0;0.780952381;0;13.61904762;0;0;0;9.428571429;2.4;0;0;0.0333;0;0.6667;0;0;0;0.4412;0.0882;0;0;0.03135;0;0.55395;0;0;0;0.3706;0.0882;0
0.322;0.42;0.529;9.5;16.884;26.348;0.4;11.6;24.1;-5.3;10.58;24.7;8.203;676.417;0.065;3.875;5;11.917;17;7.1;10.16;13;3.167;0.205;0.091;9.725;49;145.333;271;90;188.333;310;4;0;0.038;0.188;0.163;0.175;0.1;0.025;0;0;0;0.188;0.05;0.038;0.038;0;0.055;0.764;0.182;0.188;0.688;0.313;0.4097;0.5903;0;0;103;255.5285;0;0;0;9;0;0;0;6;0;0;0;0;0;6;0;0;0;6;0;0;0;0;0;7.2;0;0;0;4.8;0;0;0;0;0;4.8;0;0;0;4.8;0;0;0;0;0;1;0;0;0;0.4;0;0;0;0;0;0.8;0;0;0;0.4;0;0
0.325;0.524;0.72;13.025;27.215;55.7;0.2;10.73;24.7;-0.6;11.63;24.3;8.076;545;0.025;1.5;7;15.75;49;7.3;10.3;12.7;3.733;0.106;0.071;9.483;39;94.333;153;110;252.5;1170;4.25;0;0;0.075;0.075;0.05;0.25;0.1;0;0;0.05;0.025;0.1;0.225;0.05;0;0;0.364;0.636;0.075;0.55;0.45;0.4097;0.5903;0;0;103;255.5285;0;0;0;18;0;0;0;6;0;0;0;0;0;12;0;0;0;4.5;0;0;0;0;0;14.4;0;0;0;4.8;0;0;0;0;0;9.6;0;0;0;3.6;0;0;0;0;0;0.8571;0;0;0;0.5;0;0;0;0;0;0.67855;0;0;0;0.32145;0;0
0.39;0.556;0.76;20.865;35.066;61.579;0.1;11.65;22;-5.5;12.38;25.4;8.169;531.417;0.052;3.125;6;10.167;14;8.2;10.36;13.1;2.567;0.112;0.071;9.475;52;110.917;218;100;165.833;250;4.25;0;0;0;0.238;0.109;0.297;0;0;0;0;0.084;0.072;0.153;0.047;0;0;0.539;0.461;0.084;0.644;0.356;0.4097;0.5903;0;0;103;255.5285;0;0;0;60;0;0;0;6;0;0;0;0;0;31.5;0;0;0;6;0;0;0;0;0;48;0;0;0;6;0;0;0;0;0;25.5;0;0;0;6;0;0;0;0;0;1;0;0;0;0.6667;0;0;0;0;0;0.66665;0;0;0;0.6667;0;0
0.202;0.442;0.859;7.634;27.37;83.584;0.1;14.11;27;-3.9;18.23;34.5;8.175;572.25;0.129;5.75;6;11.167;17;5.9;10.79;14.3;3.525;0.112;0.074;9.042;20;59.167;117;70;130.833;230;4.5;0;0;0;0.344;0.169;0.15;0;0;0;0;0;0.244;0.094;0;0;0;0.774;0.226;0;0.663;0.338;0.4097;0.5903;0;0;103;255.5285;0;0;12;123;0;0;0;42;6;0;0;0;12;87;0;0;0;42;6;0;0;0;9.6;98.4;0;0;0;33.6;4.8;0;0;0;9.6;69.6;0;0;0;33.6;4.8;0;0;0;0.1081;1;0;0;0;0.3784;0.0541;0;0;0;0.1081;0.72975;0;0;0;0.3784;0.0541;0
0.354;0.478;0.646;16.539;27.075;41.579;2.3;13.54;25.9;5.1;16.95;28.2;8.193;517.917;0.15;7;6;12.25;22;8.1;10.69;13.1;3.883;0.13;0.075;9.233;13.04;58.64;143;50;153.417;270;4.25;0;0;0;0.4;0.2;0.2;0;0;0;0;0.05;0.1;0;0.05;0;0;0.75;0.25;0.05;0.8;0.2;0.4097;0.5903;0;0;103;255.5285;0;0;0;6;0;0;0;0;0;0;0;0;0;6;0;0;0;0;0;0;0;0;0;4.8;0;0;0;0;0;0;0;0;0;4.8;0;0;0;0;0;0;0;0;0;1;0;0;0;0;0;0;0;0;0;1;0;0;0;0;0;0
0.285;0.411;0.536;12.2;21.613;32.2;0.6;12.89;24.9;-2.3;14.18;30.2;8.128;520.333;0.108;4.25;6;11.583;24;8.6;10.6;14;3.817;0.153;0.083;9.225;6.5;66.818;153.2;60;195.833;460;4.25;0;0;0;0;0.35;0.2;0.05;0;0;0;0.25;0.1;0.05;0;0;0;0.583;0.417;0.25;0.6;0.4;0.4097;0.5903;0;0;103;255.5285;0;0;0;15;0;0;0;21;0;0;0;0;0;15;0;0;0;21;0;0;0;0;0;12;0;0;0;16.8;0;0;0;0;0;12;0;0;0;16.8;0;0;0;0;0;0.4167;0;0;0;0.5833;0;0;0;0;0;0.4167;0;0;0;0.5833;0;0
NA;NA;NA;NA;NA;NA;2.6;13.53;24.7;1.4;16.74;29.2;8.18;531;0.188;7.5;5;12.583;46;8.1;10.62;13.5;4.842;0.158;0.072;10.05;28.4;70.783;97.8;150;307.5;1290;4.25;0;0;0.063;0.163;0.15;0.225;0;0;0;0;0.2;0.15;0.05;0;0;0;0.625;0.375;0.2;0.6;0.4;0.4097;0.5903;0;0;103;255.5285;0;0;3;3;0;3;0;3;0;0;0;0;3;3;0;3;0;3;0;0;0;0;2.4;3.2;0;3.2;0;3.2;0;0;0;0;2.4;3.2;0;3.2;0;3.2;0;0;0;0;1;0.3333;0;0.3333;0;0.3333;0;0;0;0;1;0.3333;0;0.3333;0;0.3333;0;0
0.16;0.402;0.54;0.341;0.806;1.75;2.8;13.64;22.7;-4.1;13.46;34.3;7.997;643;0.025;1.5;4;6.818;11;7.5;9.59;11.9;1.882;0.099;0.086;5.918;3.5;28.182;78;20;48.182;100;4.75;0;0;0;0;0.15;0.25;0;0;0.35;0.2;0.05;0;0;0;0;0;0.375;0.625;0.6;0.4;0.6;0;1;0;0;101;25.1761;0;0;0;0;0;0;0;6;3;0;0;0;0;0;0;0;0;6;3;0;0;0;0;0;0;0;0;4.8;2.4;0;0;0;0;0;0;0;0;4.8;2.4;0;0;0;0;0;0;0;0;0.6667;0.3333;0;0;0;0;0;0;0;0;0.6667;0.3333;0
0.16;0.372;0.55;0.2;0.345;0.573;2.2;9.14;16.2;-0.8;11.78;23.2;8.166;1121.75;0.034;2.063;21;24.375;29;7.7;10.75;14.1;5.988;0.18;0.135;11.663;65.2;105.275;140;90;148.75;210;3.75;0;0;0;0.2;0.2;0.4;0;0;0;0;0.2;0;0;0;0;0;0.5;0.5;0.2;0.8;0.2;0.3227;0.6773;0;0;178;14.1307;0;0;0;0;0;0;0;0;7;0;0;0;0;0;0;0;0;0;7;0;0;0;0;0;0;0;0;0;7.466666667;0;0;0;0;0;0;0;0;0;7.466666667;0;0;0;0;0;0;0;0;0;1;0;0;0;0;0;0;0;0;0;1;0
0.19;0.324;0.49;0.071;0.237;0.614;1.2;10.05;16.4;-0.3;13.72;23.6;8.125;1265.545;0.068;4.091;14;20.091;44;7.4;9.99;12.6;4.218;0.114;0.072;12.909;36;115.545;215;60;180.909;380;4.25;0;0;0.05;0.2;0.15;0.05;0;0;0;0.25;0.1;0;0.15;0.05;0;0;0.889;0.111;0.35;0.45;0.55;0.3227;0.6773;0;0;178;14.1307;18;0;0;0;0;0;0;0;0;33;18;0;0;0;0;0;0;0;0;33;14.4;0;0;0;0;0;0;0;0;26.4;14.4;0;0;0;0;0;0;0;0;26.4;0.3529;0;0;0;0;0;0;0;0;0.6471;0.3529;0;0;0;0;0;0;0;0;0.6471
0.12;0.215;0.46;0.007;0.013;0.022;5;12.9;23;3.4;16.08;31.3;8.124;696.417;0.1;3;4;10.75;38;6.4;9.91;12.8;2.442;0.124;0.07;44.083;381;434.917;482;430;511.667;610;4;0;0;0.05;0.25;0.2;0.2;0;0;0;0;0.05;0.15;0.1;0;0;0;0.714;0.286;0.05;0.7;0.3;0;1;0;0;194;15.4345;0;0;0;0;0;0;15;0;0;6;0;0;0;0;0;0;15;0;0;6;0;0;0;0;0;0;12;0;0;4.8;0;0;0;0;0;0;12;0;0;4.8;0;0;0;0;0;0;0.7143;0;0;0.2857;0;0;0;0;0;0;0.7143;0;0;0.2857
0.12;0.175;0.21;0.011;0.014;0.016;4.2;10.72;16.2;1.9;13.02;23.7;7.99;690;0.1;4.5;3;5.6;10;9.1;10.62;13;3.68;0.07;NA;43.26;375;416.4;509;480;510;580;4;0;0.1;0.2;0.3;0.15;0.1;0;0;0;0;0.15;0;0;0;0;0.118;0.765;0.118;0.15;0.85;0.15;0;1;0;0;194;15.4345;0;0;0;0;0;0;6;0;0;0;0;0;0;0;0;0;6;0;0;0;0;0;0;0;0;0;4.8;0;0;0;0;0;0;0;0;0;4.8;0;0;0;0;0;0;0;0;0;1;0;0;0;0;0;0;0;0;0;1;0;0;0
0.3;0.329;0.38;0.124;0.17;0.208;3.3;11.16;16.7;-2;13.83;28.3;8.09;631.5;0.025;1.5;3;5.083;9;2.9;9.23;12.4;1.292;0.018;0.015;8.917;20;40;85;10;74.167;270;4.75;0;0;0.3;0.2;0.05;0.05;0;0;0;0;0.15;0.25;0;0;0;0;0.917;0.083;0.15;0.6;0.4;0;0.9417;0.0583;0;198;2.0561;0;0;0;0;0;0;0;0;3;0;0;0;0;0;0;0;0;0;3;0;0;0;0;0;0;0;0;0;2.4;0;0;0;0;0;0;0;0;0;2.4;0;0;0;0;0;0;0;0;0;1;0;0;0;0;0;0;0;0;0;1;0
0.258;0.323;0.44;0.172;0.326;0.544;1.4;10.58;17.9;-5.2;10.89;22.8;8.273;685.556;0.053;3.167;6;13.111;22;8.2;10.4;12.7;3.989;0.181;0.082;9.944;49;128.667;212;110;205.556;270;4;0;0.05;0;0.15;0.15;0.25;0;0;0;0.4;0;0;0;0;0;0.083;0.5;0.417;0.4;0.6;0.4;1;0;0;0;107;18.1727;0;0;0;0;0;0;0;0;9;0;0;0;0;0;0;0;0;0;9;0;0;0;0;0;0;0;0;0;7.2;0;0;0;0;0;0;0;0;0;7.2;0;0;0;0;0;0;0;0;0;1;0;0;0;0;0;0;0;0;0;1;0
0.14;0.341;0.48;0.076;0.133;0.233;2.6;14.27;23.2;1.7;16.22;29.4;8.186;662.167;0.121;4.75;5;10.833;15;7.8;11.36;16.2;3.075;0.111;0.073;7.625;85;145.167;231;150;197.5;250;4.25;0;0;0.048;0;0;0.19;0.095;0;0;0.19;0.19;0.095;0.143;0.048;0;0;0.143;0.857;0.381;0.333;0.667;1;0;0;0;107;18.1727;0;0;0;0;0;0;0;3;0;0;0;0;0;0;0;0;0;3;0;0;0;0;0;0;0;0;0;2.285714286;0;0;0;0;0;0;0;0;0;2.285714286;0;0;0;0;0;0;0;0;0;1;0;0;0;0;0;0;0;0;0;1;0;0
NA;NA;NA;NA;NA;NA;6.3;13.48;23.1;0.4;12.68;23.8;7.678;874;0.1;3;6;17.25;34;6;10.65;14.5;3.35;0.16;0.23;36.375;205;423.75;952;240;470;1070;3.75;0;0;0;0.2;0.3;0.1;0;0;0;0.1;0.1;0.15;0.05;0;0;0;0.833;0.167;0.2;0.6;0.4;0;1;0;0;137;17.4438;12;0;0;0;0;0;0;0;0;0;12;0;0;0;0;0;0;0;0;0;9.6;0;0;0;0;0;0;0;0;0;9.6;0;0;0;0;0;0;0;0;0;1;0;0;0;0;0;0;0;0;0;1;0;0;0;0;0;0;0;0;0
0.18;0.348;0.52;0.022;0.043;0.076;3.2;14.01;22.1;-3.4;13.93;25.7;8.149;980.714;0.086;5.143;4;15.571;31;7.9;11.26;19.8;4.7;0.756;0.29;79;150;268.857;535;230;441.429;730;3.75;0;0;0;0;0.4;0.15;0;0;0;0.4;0;0.05;0;0;0;0;0.727;0.273;0.4;0.55;0.45;0;1;0;0;115;25.1779;0;6;0;0;0;0;0;3;0;0;0;6;0;0;0;0;0;3;0;0;0;4.8;0;0;0;0;0;2.4;0;0;0;4.8;0;0;0;0;0;2.4;0;0;0;0.6667;0;0;0;0;0;0.3333;0;0;0;0.6667;0;0;0;0;0;0.3333;0;0
0.18;0.283;0.43;0.106;0.38;1.06;2.2;11.99;20.9;-4.3;14.63;25.6;7.979;1021.75;0.025;1.5;13;20.25;30;5;8.29;11.9;4.263;1.783;0.839;53.325;55;408.75;1121;220;572.5;1380;3.5;0;0;0;0;0;0.55;0;0;0;0;0;0;0.45;0;0;0;0;1;0;0.55;0.45;0;1;0;0;83;36.0456;15;0;0;0;0;0;0;66;0;0;15;0;0;0;0;0;0;66;0;0;12;0;0;0;0;0;0;52.8;0;0;12;0;0;0;0;0;0;52.8;0;0;0.1852;0;0;0;0;0;0;0.8148;0;0;0.1852;0;0;0;0;0;0;0.8148;0;0
0.06;0.132;0.21;0.002;0.01;0.025;0.2;10.56;18.2;-9;11.25;18;8.133;1405.75;0.078;4.688;12;22.75;45;6.7;10.26;18.2;5.563;0.123;0.093;9.513;95;264.75;515;120;340;550;3.75;0;0;0;0;0;0.45;0;0;0;0.4;0;0;0.05;0.1;0;0;0;1;0.4;0.45;0.55;0.2375;0.7625;0;0;152;12.6553;0;3;0;0;0;0;0;0;0;0;0;3;0;0;0;0;0;0;0;0;0;2.4;0;0;0;0;0;0;0;0;0;2.4;0;0;0;0;0;0;0;0;0;1;0;0;0;0;0;0;0;0;0;1;0;0;0;0;0;0;0;0
0.09;0.185;0.25;0.016;0.071;0.176;1.6;10.85;19.7;1;13.43;24.9;8.191;1052.455;0.066;3.955;14;22.455;59;7.1;10.09;12.8;5.018;0.189;0.08;10.055;160;270.909;430;170;317.273;590;3.5;0;0;0.1;0.1;0;0.25;0.2;0;0;0;0.15;0.05;0.15;0;0;0;0.308;0.692;0.15;0.65;0.35;0.2375;0.7625;0;0;152;12.6553;0;0;0;0;0;0;0;0;0;6;0;0;0;0;0;0;0;0;0;6;0;0;0;0;0;0;0;0;0;4.8;0;0;0;0;0;0;0;0;0;4.8;0;0;0;0;0;0;0;0;0;1;0;0;0;0;0;0;0;0;0;1
0.07;0.147;0.19;0.003;0.028;0.056;0;8.61;20.7;-4.2;8.73;21.6;7.86;709.571;0.025;1.5;15;27;40;2.6;8.37;12.1;5;0.123;0.061;2.314;114;266;460;230;341.429;560;4;0;0;0;0;0.1;0.05;0;0;0;0;0.1;0.3;0.45;0;0;0;0.667;0.333;0.1;0.15;0.85;0;1;0;0;152;18.0228;126;0;0;0;0;0;0;0;0;0;126;0;0;0;0;0;0;0;0;0;100.8;0;0;0;0;0;0;0;0;0;100.8;0;0;0;0;0;0;0;0;0;1;0;0;0;0;0;0;0;0;0;1;0;0;0;0;0;0;0;0;0
0.06;0.123;0.28;0.006;0.044;0.132;1.2;10.88;17.4;-1.7;14.94;26.2;8.176;1134;0.088;5.25;12;15.625;23;6.6;10.11;18;4.013;0.053;0.158;33;36;97.875;170;90;146.25;230;4.25;0;0;0;0;0.25;0.15;0;0;0.25;0.35;0;0;0;0;0;0;0.625;0.375;0.6;0.4;0.6;0;1;0;0;108;11.9823;126;144;0;0;0;0;0;0;0;0;126;144;0;0;0;0;0;0;0;0;100.8;115.2;0;0;0;0;0;0;0;0;100.8;115.2;0;0;0;0;0;0;0;0;0.4667;0.5333;0;0;0;0;0;0;0;0;0.4667;0.5333;0;0;0;0;0;0;0;0
NA;NA;NA;NA;NA;NA;16.7;18.68;20.3;19.9;25.15;28.2;8.033;657.75;0.1;NA;4;7.5;12;6.9;7.72;8.48;3.05;0.068;0.038;12.525;158;216;301;290;410;460;4.25;0;0;0;0;0;0;0.25;0;0;0.333;0.167;0;0.25;0;0;0;0;1;0.5;0.25;0.75;0;1;0;0;108;11.9823;36;12;0;0;0;0;0;0;0;0;36;12;0;0;0;0;0;0;0;0;48;16;0;0;0;0;0;0;0;0;48;16;0;0;0;0;0;0;0;0;0.75;0.25;0;0;0;0;0;0;0;0;0.75;0.25;0;0;0;0;0;0;0;0
NA;NA;NA;NA;NA;NA;1;11.83;25.1;-2;12.5;29;8.35;1527;0.206;12.375;31;40;50;5.5;10.25;15.5;10.1;3.85;0.643;11.9;78;396;600;220;565;880;2.75;0;0;0.048;0;0;0;0.238;0;0.238;0.286;0.19;0;0;0;0;0;0.167;0.833;0.714;0.286;0.714;0;1;0;0;92;49.9762;0;3;0;0;0;0;0;0;0;0;0;3;0;0;0;0;0;0;0;0;0;2.285714286;0;0;0;0;0;0;0;0;0;2.285714286;0;0;0;0;0;0;0;0;0;1;0;0;0;0;0;0;0;0;0;1;0;0;0;0;0;0;0;0
0.17;0.353;0.85;0.005;0.36;1.41;0.2;11.02;19.1;8;16.34;25.6;8.18;767;0.195;11.7;13;41.4;117;8.9;11.88;14.2;7.78;0.158;0.042;2.98;10;387.2;844;70;684;1360;3.5;0;0.1;0;0.15;0.15;0;0;0.1;0;0.2;0;0;0.3;0;0;0.25;0.75;0;0.3;0.4;0.6;0;1;0;0;106;17.7585;45;0;0;0;0;0;0;0;0;0;45;0;0;0;0;0;0;0;0;0;36;0;0;0;0;0;0;0;0;0;36;0;0;0;0;0;0;0;0;0;1;0;0;0;0;0;0;0;0;0;1;0;0;0;0;0;0;0;0;0
0.13;0.198;0.26;0.001;0.026;0.054;1.6;12.91;21.3;-7.5;14.13;30.7;8.041;885.375;0.119;5;7;14.625;23;6.6;9.46;12.7;4.025;0.109;0.034;1.5;155;313.125;704;310;491.25;960;4;0;0;0.333;0.133;0.067;0.2;0;0;0;0.267;0;0;0;0;0;0;0.727;0.273;0.267;0.733;0.267;0;1;0;0;106;17.7585;24;0;0;0;0;0;0;0;0;0;24;0;0;0;0;0;0;0;0;0;25.6;0;0;0;0;0;0;0;0;0;25.6;0;0;0;0;0;0;0;0;0;1;0;0;0;0;0;0;0;0;0;1;0;0;0;0;0;0;0;0;0
NA;NA;NA;NA;NA;NA;5.5;13.97;21.3;7.2;19.2;31.2;8.18;1148;0.233;14;21;24.333;31;5.6;8.03;11.3;3.1;0.153;0.74;45.433;365.12;738.933;984.52;510;873.333;1130;3.75;0;0;0.4;0.267;0.133;0;0;0;0;0;0.067;0.067;0.067;0;0;0;1;0;0.067;0.8;0.2;1;0;0;0;110;14.2186;1;0;0;0;0;0;0;0;0;0;1;0;0;0;0;0;0;0;0;0;1.066666667;0;0;0;0;0;0;0;0;0;1.066666667;0;0;0;0;0;0;0;0;0;1;0;0;0;0;0;0;0;0;0;1;0;0;0;0;0;0;0;0;0
0.26;0.39;0.56;0.013;0.069;0.184;1;11.72;25;0.5;14.42;27.8;7.929;931.6;0.025;1.5;16;23.5;39;6.7;9.74;17;5.7;0.098;0.149;35.5;339;624.2;1783;410;718;2050;3.75;0;0;0;0;0;0.167;0;0;0.111;0.444;0.111;0;0.167;0;0;0;0;1;0.667;0.167;0.833;1;0;0;0;110;14.2186;15;0;0;0;0;0;0;0;0;0;15;0;0;0;0;0;0;0;0;0;13.33333333;0;0;0;0;0;0;0;0;0;13.33333333;0;0;0;0;0;0;0;0;0;1;0;0;0;0;0;0;0;0;0;1;0;0;0;0;0;0;0;0;0
0.106;0.318;0.65;0.006;0.086;0.244;0.7;9.73;17.8;0.3;14.67;27;8.261;966.333;0.067;4;8;18.167;24;8.2;10;11.7;5.275;0.155;0.088;11.483;140;385.833;711;220;481.667;910;3.5;0;0;0.4;0.15;0.1;0.1;0;0;0;0;0.05;0.2;0;0;0;0;0.867;0.133;0.05;0.75;0.25;0;0;1;0;214;14.1056;0;0;0;0;0;0;5;0;0;0;0;0;0;0;0;0;5;0;0;0;0;0;0;0;0;0;4;0;0;0;0;0;0;0;0;0;4;0;0;0;0;0;0;0;0;0;1;0;0;0;0;0;0;0;0;0;1;0;0;0
0.09;0.289;0.57;0.013;0.078;0.268;1.1;10.54;19.7;-1.8;12.33;26;8.212;985.667;0.1;3.75;9;20.667;37;8.5;10.65;13.5;4.542;0.195;0.068;11.408;6.5;468.552;903.02;230;667.5;1210;3.75;0;0.1;0.35;0.2;0.1;0.1;0;0;0;0;0.05;0.1;0;0;0;0.118;0.765;0.118;0.05;0.85;0.15;0;0;1;0;214;14.1056;0;0;0;0;0;0;3;0;0;0;0;0;0;0;0;0;3;0;0;0;0;0;0;0;0;0;2.4;0;0;0;0;0;0;0;0;0;2.4;0;0;0;0;0;0;0;0;0;1;0;0;0;0;0;0;0;0;0;1;0;0;0
0.22;0.513;0.85;0.05;0.214;0.544;7.8;17.81;25;-0.2;15.79;29.5;8.258;903.625;0.081;4.875;6;18.75;28;8.2;10.41;13;5.85;0.083;0.161;7.825;36;168.625;310;170;255;420;4;0;0.3;0.05;0.25;0.1;0.05;0;0;0;0;0;0.25;0;0;0;0.4;0.533;0.067;0;0.75;0.25;0;1;0;0;153;26.7503;120;6;0;0;0;0;0;0;0;0;120;6;0;0;0;0;0;0;0;0;96;4.8;0;0;0;0;0;0;0;0;96;4.8;0;0;0;0;0;0;0;0;0.9524;0.0476;0;0;0;0;0;0;0;0;0.9524;0.0476;0;0;0;0;0;0;0;0
0.39;0.511;0.72;0.066;0.239;1.31;4.7;17.28;26.5;1;13.99;30;8.093;846.583;0.1;3;5;12.917;29;6.8;9.18;13.5;3.292;0.11;0.078;5.35;42;163.75;427;100;229.167;480;4.25;0;0;0;0.25;0.05;0.1;0;0;0;0;0.25;0.2;0.05;0.1;0;0;0.75;0.25;0.25;0.4;0.6;0;1;0;0;153;26.7503;0;3;0;0;0;0;0;3;0;0;0;3;0;0;0;0;0;3;0;0;0;2.4;0;0;0;0;0;2.4;0;0;0;2.4;0;0;0;0;0;2.4;0;0;0;0.5;0;0;0;0;0;0.5;0;0;0;0.5;0;0;0;0;0;0.5;0;0
NA;NA;NA;NA;NA;NA;6.9;11.8;16.6;9.7;13.83;19.2;8.03;1233.333;0.025;1.5;16;21.667;26;2.8;5.3;9.5;4.733;1.993;0.747;24.8;528.12;1414.84;2177.68;630;1523.333;2190;3.25;0;0;0.067;0;0;0.4;0;0;0;0.267;0.133;0;0.133;0;0;0;0.143;0.857;0.4;0.467;0.533;0;1;0;0;99;56.2681;1;0;0;0;0;0;0;0;0;0;1;0;0;0;0;0;0;0;0;0;1.066666667;0;0;0;0;0;0;0;0;0;1.066666667;0;0;0;0;0;0;0;0;0;1;0;0;0;0;0;0;0;0;0;1;0;0;0;0;0;0;0;0;0
0.16;0.252;0.32;0.051;0.293;0.907;1.8;12.53;20.5;-0.5;16.8;29.4;8.183;1167.5;0.047;2.813;10;20.25;32;7.6;9.93;12.8;5.3;0.345;0.329;24.388;352;661;1040;490;783.75;1150;3.5;0;0;0;0.048;0.19;0.238;0.048;0;0;0.238;0;0.095;0.095;0.048;0;0;0.455;0.545;0.238;0.524;0.476;0;1;0;0;99;56.2681;36;0;0;0;0;0;0;3;0;0;36;0;0;0;0;0;0;3;0;0;27.42857143;0;0;0;0;0;0;2.285714286;0;0;27.42857143;0;0;0;0;0;0;2.285714286;0;0;0.9231;0;0;0;0;0;0;0.0769;0;0;0.9231;0;0;0;0;0;0;0.0769;0;0
0.1;0.404;0.97;0.013;0.132;0.381;0.3;10.06;21.2;-0.1;13.71;29.4;8.19;973.5;0.041;2.438;8;15.375;20;8.4;10.99;13.6;4.313;0.049;0.064;11.075;16;35.125;95;30;78.75;140;4.5;0;0;0;0;0;0.55;0;0;0;0;0.15;0.1;0.2;0;0;0;0;1;0.15;0.55;0.45;0.3076;0.6924;0;0;192;12.0317;0;9;0;0;0;0;6;0;0;0;0;9;0;0;0;0;6;0;0;0;0;7.2;0;0;0;0;4.8;0;0;0;0;7.2;0;0;0;0;4.8;0;0;0;0;0.6;0;0;0;0;0.4;0;0;0;0;0.6;0;0;0;0;0.4;0;0;0
0.13;0.378;0.71;0.013;0.051;0.095;0.4;11.53;18.4;-4.7;12.88;24.5;8.045;989.5;0.034;2.063;10;20.25;34;5.6;8.7;12;4.625;0.781;0.131;10.488;33;289.375;645;60;335;730;3.75;0;0.1;0.1;0;0.05;0.05;0.05;0;0;0;0.25;0.05;0.35;0;0;0.286;0.429;0.286;0.25;0.35;0.65;0.0857;0.9143;0;0;NA;9.5181;9;0;0;0;0;0;0;0;0;3;9;0;0;0;0;0;0;0;0;3;7.2;0;0;0;0;0;0;0;0;2.4;7.2;0;0;0;0;0;0;0;0;2.4;0.75;0;0;0;0;0;0;0;0;0.25;0.75;0;0;0;0;0;0;0;0;0.25
0.16;0.47;0.86;0.005;0.123;0.496;2.6;12.91;24.4;0.4;13.77;27.2;8.004;1587.4;0.54;4.5;8;24.2;64;6.3;8.89;13.2;8.27;0.675;0.495;12.95;91.6;285.56;629;190;414;810;3.5;0;0;0;0;0;0.15;0.2;0;0;0.05;0.05;0.15;0.35;0;0.05;0;0;1;0.1;0.35;0.65;0.0857;0.9143;0;0;NA;9.5181;9;0;0;0;0;0;0;0;0;0;9;0;0;0;0;0;0;0;0;0;7.2;0;0;0;0;0;0;0;0;0;7.2;0;0;0;0;0;0;0;0;0;1;0;0;0;0;0;0;0;0;0;1;0;0;0;0;0;0;0;0;0
0.36;0.476;0.61;0.132;0.188;0.257;2;8.51;14.3;0.5;10.29;18.9;8.029;1076.375;0.025;1.5;16;22.875;50;8.7;10.65;12.4;6.913;0.043;0.069;12.763;52;99.76;156;70;160;390;4;0;0;0.2;0;0;0.267;0;0;0;0;0.2;0.333;0;0;0;0;0.429;0.571;0.2;0.467;0.533;0.1803;0.8197;0;0;140;12.4733;13;0;0;0;0;1;0;0;0;11;13;0;0;0;0;1;0;0;0;11;13.86666667;0;0;0;0;1.066666667;0;0;0;11.73333333;13.86666667;0;0;0;0;1.066666667;0;0;0;11.73333333;0.52;0;0;0;0;0.04;0;0;0;0.44;0.52;0;0;0;0;0.04;0;0;0;0.44
0.11;0.336;0.73;0.053;0.418;1.29;1.5;10.35;19.7;-1;11.81;20.1;8.047;1059.545;0.025;1.5;10;23.364;63;6.4;10.85;13.9;5.555;0.149;0.088;10.873;29;90.727;196;50;177.273;640;3.75;0;0;0;0;0.474;0.105;0;0;0;0;0.421;0;0;0;0;0;0.818;0.182;0.421;0.579;0.421;0.1803;0.8197;0;0;140;12.4733;0;39;0;0;0;0;0;0;0;0;0;39;0;0;0;0;0;0;0;0;0;32.84210526;0;0;0;0;0;0;0;0;0;32.84210526;0;0;0;0;0;0;0;0;0;1;0;0;0;0;0;0;0;0;0;1;0;0;0;0;0;0;0;0
0.08;0.489;0.98;0.004;0.293;0.859;2.8;11.64;22;0.4;14.62;33.9;7.97;581.75;0.1;3;7;11;21;7.4;10.69;14.1;2.883;0.221;0.06;5.317;7;15.583;52;30;58.333;120;4.25;0;0;0.35;0.2;0;0.15;0;0;0;0;0.2;0.1;0;0;0;0;0.786;0.214;0.2;0.7;0.3;0;0;1;0;187;12.3741;0;57;0;0;0;12;0;0;0;3;0;57;0;0;0;12;0;0;0;3;0;45.6;0;0;0;9.6;0;0;0;2.4;0;45.6;0;0;0;9.6;0;0;0;2.4;0;0.7917;0;0;0;0.1667;0;0;0;0.0417;0;0.7917;0;0;0;0.1667;0;0;0;0.0417
0.07;0.384;1.17;0.026;0.547;2.38;1.3;12.46;23.3;-0.7;15.1;29.6;7.962;792.917;0.113;8;9;12.583;18;5.26;9.57;13.3;5.025;2.038;0.451;10.408;19.2;146.5;381;80;284.167;430;3.5;0;0.143;0;0.095;0.095;0.333;0;0.048;0;0.238;0.048;0;0;0;0;0.214;0.286;0.5;0.333;0.667;0.333;0;0.9906;0.0094;0;160;21.5247;0;66;0;0;0;0;0;0;0;0;0;66;0;0;0;0;0;0;0;0;0;50.28571429;0;0;0;0;0;0;0;0;0;50.28571429;0;0;0;0;0;0;0;0;0;1;0;0;0;0;0;0;0;0;0;1;0;0;0;0;0;0;0;0
NA;NA;NA;NA;NA;NA;1.3;11.51;23;3.5;12.6;27.6;7.877;381.818;0.025;1.5;13;21;28;5.8;9.15;11.8;4.418;0.133;0.067;3.973;29;86.545;261;100;160;310;4;0;0.1;0.1;0;0.2;0.2;0;0;0;0;0;0.2;0.1;0.1;0;0.167;0.5;0.333;0;0.6;0.4;0;1;0;0;NA;38.0161;0;0;0;0;0;0;0;0;0;9;0;0;0;0;0;0;0;0;0;9;0;0;0;0;0;0;0;0;0;7.2;0;0;0;0;0;0;0;0;0;7.2;0;0;0;0;0;0;0;0;0;1;0;0;0;0;0;0;0;0;0;1
0.12;0.224;0.41;0.02;0.076;0.173;3.1;11.83;23.5;1.6;14.46;30.2;8.349;687.125;0.275;16.5;7;13.25;21;10.2;13.1;15.7;3.738;0.1;0.07;18.875;10;114.875;176;30;167.5;380;4.25;0;0.091;0.455;0.091;0.045;0;0;0;0;0;0.136;0.182;0;0;0;0.133;0.867;0;0.136;0.682;0.318;0;1;0;0;179;10.9177;0;3;0;0;0;0;3;0;3;96;0;3;0;0;0;0;3;0;3;96;0;2.181818182;0;0;0;0;2.181818182;0;2.181818182;69.81818182;0;2.181818182;0;0;0;0;2.181818182;0;2.181818182;69.81818182;0;0.0286;0;0;0;0;0.0286;0;0.0286;0.9143;0;0.0286;0;0;0;0;0.0286;0;0.0286;0.9143
0.09;0.382;0.9;0.008;0.435;2.07;3.6;11.95;19.4;8;15.56;24.2;8.22;1170.625;0.097;5.813;9;29.625;52;9.2;11.04;13.2;6.988;0.171;0.115;37.338;36;129.125;293;160;300;550;3.75;0;0;0;0;0.2;0.3;0;0;0;0;0.1;0;0.4;0;0;0;0.4;0.6;0.1;0.5;0.5;0.291;0.709;0;0;106;32.4251;6;3;0;0;0;0;0;0;0;0;6;3;0;0;0;0;0;0;0;0;4.8;2.4;0;0;0;0;0;0;0;0;4.8;2.4;0;0;0;0;0;0;0;0;0.6667;0.3333;0;0;0;0;0;0;0;0;0.6667;0.3333;0;0;0;0;0;0;0;0
0.132;0.221;0.342;0.308;1.043;2.135;3.2;13.68;23.9;3.1;15.6;30.6;8.132;919.417;0.1;3;10;14.083;20;5.6;9.4;12.3;3.592;0.231;0.215;20.517;231;635.083;1102;290;744.167;1310;3.75;0;0;0;0;0.1;0.2;0.2;0;0;0.3;0.2;0;0;0;0;0;0.2;0.8;0.5;0.5;0.5;0;1;0;0;95;71.6338;0;0;0;0;0;0;0;9;0;0;0;0;0;0;0;0;0;9;0;0;0;0;0;0;0;0;0;7.2;0;0;0;0;0;0;0;0;0;7.2;0;0;0;0;0;0;0;0;0;1;0;0;0;0;0;0;0;0;0;1;0;0
0.32;0.509;0.71;0.124;1.268;3.92;0;11.12;20.2;-6.5;12.48;24;7.881;431.75;0.025;1.5;9;18.083;35;7.2;9.56;12.3;2.792;0.359;0.133;8.333;22.82;225.483;453.14;90;304.167;570;4;0;0;0.1;0.3;0.233;0;0;0;0.033;0;0.2;0.1;0.033;0;0;0;1;0;0.233;0.633;0.367;0;1;0;0;103;15.7373;0;0;0;0;0;0;5;0;0;0;0;0;0;0;0;0;3;0;0;0;0;0;0;0;0;0;5.333333333;0;0;0;0;0;0;0;0;0;3.2;0;0;0;0;0;0;0;0;0;1;0;0;0;0;0;0;0;0;0;1;0;0;0
0.13;0.707;1.17;0.756;15.744;91.4;0.4;10.09;24.1;-1.8;11.55;31.5;7.888;409.25;0.025;1.5;12;20.583;54;8.1;10.57;12.7;4.542;0.128;0.081;8.067;72;133.347;199;80;191.667;470;4.25;0;0;0.063;0.059;0.408;0.141;0;0;0;0;0.164;0.039;0.125;0;0;0;0.789;0.211;0.164;0.671;0.329;0;1;0;0;103;15.7373;5;0;0;0;0;3;0;7;7;0;5;0;0;0;0;3;0;6;7;0;4;0;0;0;0;2.4;0;5.894736842;5.894736842;0;4;0;0;0;0;2.4;0;4.947368421;5.894736842;0;0.3846;0;0;0;0;0.2308;0;0.5;0.5;0;0.3846;0;0;0;0;0.2308;0;0.4423;0.5;0
0.07;0.27;0.86;0.223;0.993;3.91;1.8;11.14;24.6;0;12.12;26.3;8.145;458.917;0.09;5.252;9;15;21;7.4;12.36;15.9;4.133;0.121;0.088;6.95;72;162.833;359;120;213.333;480;4.25;0;0;0.008;0.3;0;0;0;0;0.008;0.008;0.458;0.083;0;0.133;0;0;1;0;0.475;0.308;0.692;0;1;0;0;103;15.7373;5;10;0;0;0;0;0;0;15;0;5;10;0;0;0;0;0;0;10.5;0;4;8;0;0;0;0;0;0;12;0;4;8;0;0;0;0;0;0;8.4;0;0.2381;0.4762;0;0;0;0;0;0;1;0;0.2381;0.4762;0;0;0;0;0;0;0.64285;0
0.34;0.682;1.196;0.125;7.174;52.296;0;10.31;22.9;-0.7;13.22;27.2;7.979;407.917;0.11;6.625;8;15.167;33;7.9;11.87;14.8;3.792;0.153;0.251;7.975;62;161.917;277;120;214.167;400;4;0;0;0;0.35;0.05;0.05;0;0;0.25;0;0.3;0;0;0;0;0;0.889;0.111;0.55;0.45;0.55;0;1;0;0;103;15.7373;0;36;0;0;0;0;0;0;0;0;0;36;0;0;0;0;0;0;0;0;0;28.8;0;0;0;0;0;0;0;0;0;28.8;0;0;0;0;0;0;0;0;0;1;0;0;0;0;0;0;0;0;0;1;0;0;0;0;0;0;0;0
0.2;0.576;0.86;0.203;0.798;1.82;3.2;12.04;22.9;4.5;14.53;27.8;7.805;397.818;0.045;1.636;9;32.091;118;6.5;10.43;13.6;6.555;0.246;0.094;10.618;65;161.182;306;100;352.727;1030;3.75;0;0.038;0.15;0.263;0.1;0.1;0;0;0.013;0.038;0.3;0;0;0;0;0.058;0.788;0.154;0.35;0.65;0.35;0;1;0;0;103;15.7373;0;45;0;0;0;0;0;0;6;0;0;25.5;0;0;0;0;0;0;6;0;0;36;0;0;0;0;0;0;4.8;0;0;20.4;0;0;0;0;0;0;4.8;0;0;1;0;0;0;0;0;0;0.1176;0;0;0.9412;0;0;0;0;0;0;0.1176;0
0.27;0.386;0.58;0.117;0.407;0.8;4.3;13.19;21.4;7.2;16.06;24.9;7.943;392.5;0.106;3.75;9;14.125;22;8.4;11.28;16.7;3.975;0.128;0.065;7.288;36;224.375;538;70;282.5;560;4.25;0;0;0.1;0.25;0.15;0.15;0;0;0;0.05;0.3;0;0;0;0;0;0.769;0.231;0.35;0.65;0.35;0;1;0;0;103;15.7373;0;60;0;0;0;0;0;0;0;0;0;60;0;0;0;0;0;0;0;0;0;48;0;0;0;0;0;0;0;0;0;48;0;0;0;0;0;0;0;0;0;1;0;0;0;0;0;0;0;0;0;1;0;0;0;0;0;0;0;0
0.56;0.7;0.94;0.158;1.216;3.55;0.1;11.08;21.5;-3.1;13.99;28.5;7.768;335.833;0.1;3;9;27.25;138;7.5;9.71;12.6;5.625;0.17;0.055;9.6;45.64;158.622;254.28;100;339.167;1160;3.75;0;0;0.2;0.1;0.1;0.2;0;0;0;0.1;0.2;0;0;0.1;0;0;0.667;0.333;0.3;0.6;0.4;0;1;0;0;103;15.7373;0;0;0;0;0;0;0;0;6;0;0;0;0;0;0;0;0;0;6;0;0;0;0;0;0;0;0;0;4.8;0;0;0;0;0;0;0;0;0;4.8;0;0;0;0;0;0;0;0;0;1;0;0;0;0;0;0;0;0;0;1;0
0.48;0.837;1.03;0.653;1.554;2.78;0;11.75;23.2;-3.5;12.82;28.2;7.836;405.636;0.1;3;8;13.545;19;7.9;10.1;13;2.918;0.163;0.038;8.391;48.9;164.264;241.9;90;298.182;520;4;0;0;0.15;0.35;0.05;0.1;0;0;0;0;0.2;0.1;0.05;0;0;0;0.846;0.154;0.2;0.65;0.35;0;1;0;0;103;15.7373;0;0;0;0;0;0;0;3;0;0;0;0;0;0;0;0;0;3;0;0;0;0;0;0;0;0;0;2.4;0;0;0;0;0;0;0;0;0;2.4;0;0;0;0;0;0;0;0;0;1;0;0;0;0;0;0;0;0;0;1;0;0
0.47;0.697;1.03;0.102;0.647;2.69;0.1;11.87;23.4;-3.2;14.16;27.4;7.753;405.333;0.117;8;7;12.583;25;5;8.83;13.2;3.792;0.119;0.051;5.925;59.3;203.117;349;200;390;550;4.25;0;0;0.4;0.2;0;0.1;0;0;0;0;0.2;0;0.1;0;0;0;0.857;0.143;0.2;0.7;0.3;0;1;0;0;103;15.7373;0;0;0;0;0;9;0;0;0;0;0;0;0;0;0;9;0;0;0;0;0;0;0;0;0;7.2;0;0;0;0;0;0;0;0;0;7.2;0;0;0;0;0;0;0;0;0;1;0;0;0;0;0;0;0;0;0;1;0;0;0;0
NA;NA;NA;NA;NA;NA;5.1;10.57;18.5;1;11.53;24.6;8.013;579;0.025;1.5;14;22;27;10.4;11;11.8;4.9;0.227;0.263;16.1;260.8;1032.333;1887.54;330;1153.333;2070;3.5;0;0;0;0;0.133;0.2;0;0;0;0;0.533;0;0.133;0;0;0;0.4;0.6;0.533;0.333;0.667;0;1;0;0;104;18.85;0;1;0;0;0;0;0;0;0;0;0;1;0;0;0;0;0;0;0;0;0;1.066666667;0;0;0;0;0;0;0;0;0;1.066666667;0;0;0;0;0;0;0;0;0;1;0;0;0;0;0;0;0;0;0;1;0;0;0;0;0;0;0;0
0.33;0.542;0.75;5.97;18.106;39.3;0.5;10.9;18.8;-5.4;12.06;21.6;7.988;372.167;0.025;1.5;8;18.917;45;7.8;9.76;13.4;3.117;0.138;0.103;8.275;26.08;69.818;146.7;50;159.167;430;4.25;0;0;0.553;0.033;0.092;0.1;0;0;0;0;0.159;0.063;0;0;0;0;0.872;0.128;0.159;0.778;0.222;0.0058;0.9942;0;0;149;92.4444;0;1;0;38;0;0;0;0;0;0;0;1;0;38;0;0;0;0;0;0;0;0.941176471;0;40.53333333;0;0;0;0;0;0;0;0.941176471;0;40.53333333;0;0;0;0;0;0;0;1;0;1;0;0;0;0;0;0;0;1;0;1;0;0;0;0;0;0
0.42;0.619;0.88;17.1;29.8;55.1;0.7;9.47;19.5;-9.9;8.65;27;7.914;395.231;0.025;1.5;7;12.615;22;7.8;10.49;12.5;4.267;0.078;0.072;8;16;40.306;55;30;91.538;200;4.5;0;0;0.413;0.263;0.125;0.075;0.017;0;0;0;0.075;0.017;0.017;0;0;0;0.897;0.103;0.075;0.892;0.108;0.0058;0.9942;0;0;149;92.4444;0;0;0;1;0;0;0;0;61;0;0;0;0;1;0;0;0;0;31;0;0;0;0;0.8;0;0;0;0;65.06666667;0;0;0;0;0.8;0;0;0;0;32.93333333;0;0;0;0;0.5;0;0;0;0;1;0;0;0;0;0.5;0;0;0;0;0.75;0
0.26;0.481;0.73;5.44;15.135;26.6;1.4;9.68;21.4;-1.7;9.56;24.7;7.921;460.462;0.025;1.5;5;11.615;18;7.4;10.41;13.1;3.531;0.128;0.087;8.569;23;54;88;30;93.846;160;4.5;0;0;0.22;0.333;0.017;0.084;0;0;0;0;0.045;0.234;0.067;0;0;0;0.871;0.129;0.045;0.654;0.346;0.0058;0.9942;0;0;149;92.4444;0;0;0;3;0;0;0;0;3;0;0;0;0;3;0;0;0;0;3;0;0;0;0;2.4;0;0;0;0;3.2;0;0;0;0;2.4;0;0;0;0;2.690909091;0;0;0;0;1;0;0;0;0;1;0;0;0;0;1;0;0;0;0;1;0
0.16;0.367;0.88;2.85;10.392;38.2;0;10.79;21.4;-10.5;9.68;25.4;7.945;514.75;0.025;1.5;7;11.667;20;7;9.93;14.2;2.825;0.174;0.13;8.267;36;84.75;156;70;121.667;190;4;0;0;0.294;0.169;0.146;0.048;0;0;0.025;0.025;0.17;0.098;0;0.025;0;0;0.928;0.072;0.22;0.657;0.343;0.0058;0.9942;0;0;149;92.4444;0;0;0;114;0;3;0;0;105;9;0;0;0;88.5;0;3;0;0;54;9;0;0;0;91.2;0;2.285714286;0;0;80;7.2;0;0;0;69.6;0;2.285714286;0;0;41.2;7.2;0;0;0;0.9048;0;0.0175;0;0;0.614;0.0714;0;0;0;0.6366;0;0.0175;0;0;0.3189;0.0714
0.31;0.638;0.82;14.391;21.623;28.488;5.1;11.94;18.6;3;13.6;24.9;7.83;374;0.046;1.5;8;12.5;19;7.6;9.69;11.9;2.792;0.15;0.098;7.267;10;44.25;65;60;106.667;190;4.25;0;0.034;0.186;0.199;0.14;0.093;0;0;0;0;0.118;0.093;0.136;0;0;0.052;0.805;0.143;0.118;0.652;0.348;0.0058;0.9942;0;0;149;92.4444;0;0;0;6;0;0;0;0;12;0;0;0;0;4.5;0;0;0;0;12;0;0;0;0;4.363636364;0;0;0;0;8.727272727;0;0;0;0;3.381818182;0;0;0;0;8.727272727;0;0;0;0;1;0;0;0;0;0.6667;0;0;0;0;0.66665;0;0;0;0;0.6667;0
0.071;0.292;0.543;2.029;13.129;31.745;0.6;11.22;22.3;-6.5;10.97;25.2;7.803;411.25;0.1;3;5;9.667;16;6.6;9.75;13.1;2.767;0.157;0.103;8.358;10;44;91;50;105.833;160;4.25;0;0.013;0.375;0.125;0.025;0.163;0;0;0.025;0;0.1;0.175;0;0;0;0.018;0.75;0.232;0.125;0.7;0.3;0.0058;0.9942;0;0;149;92.4444;0;0;0;48;0;0;0;0;42;0;0;0;0;30;0;0;0;0;42;0;0;0;0;76.8;0;0;0;0;67.2;0;0;0;0;43.2;0;0;0;0;67.2;0;0;0;0;1;0;0;0;0;0.4667;0;0;0;0;0.76665;0;0;0;0;0.4667;0
0.217;0.51;1.292;8.4;39.754;206.921;0.1;10.57;22;-6.2;10.18;24.4;7.856;371.5;0.1;3;8;13.25;50;7.4;9.83;12.8;3.458;0.178;0.078;8.808;9.78;37.997;72;60;131.75;380;4.25;0;0;0.255;0.14;0.152;0.14;0.013;0;0;0;0.14;0.093;0;0.068;0;0;0.782;0.218;0.14;0.699;0.301;0.0058;0.9942;0;0;149;92.4444;0;0;0;6;0;12;0;0;0;0;0;0;0;4.5;0;12;0;0;0;0;0;0;0;4.363636364;0;8.727272727;0;0;0;0;0;0;0;3.381818182;0;8.727272727;0;0;0;0;0;0;0;1;0;0.6667;0;0;0;0;0;0;0;0.66665;0;0.6667;0;0;0;0
0.239;0.388;0.715;6.42;15.499;36.5;0;10.19;22.5;-9;9.45;21.7;7.835;382;0.1;3;5;10.333;18;7.3;10.02;12.5;2.733;0.143;0.074;8.5;6.5;37.433;75;70;135;270;4.25;0;0.05;0.25;0.275;0.125;0.1;0;0;0.05;0.025;0.075;0.05;0;0;0;0.063;0.813;0.125;0.15;0.8;0.2;0.0058;0.9942;0;0;149;92.4444;0;0;0;39;0;6;0;0;0;0;0;0;0;21;0;6;0;0;0;0;0;0;0;31.2;0;4.8;0;0;0;0;0;0;0;16.8;0;4.8;0;0;0;0;0;0;0;0.8667;0;0.6667;0;0;0;0;0;0;0;0.6;0;0.4;0;0;0;0
0.153;0.358;0.868;4.58;16.6;55.8;0.7;11.39;22.1;-6.1;12.03;23;7.853;403.583;0.1;5.5;4;9.417;16;6.9;10.01;13.6;3.042;0.127;0.097;9.183;32.9;57.233;128;70;174.167;410;4.5;0;0;0.3;0.2;0.1;0.2;0;0;0.1;0;0.1;0;0;0;0;0;0.75;0.25;0.2;0.8;0.2;0.0058;0.9942;0;0;149;92.4444;0;0;0;30;0;0;0;3;24;0;0;0;0;30;0;0;0;3;24;0;0;0;0;24;0;0;0;2.4;19.2;0;0;0;0;24;0;0;0;2.4;19.2;0;0;0;0;0.5263;0;0;0;0.0526;0.4211;0;0;0;0;0.5263;0;0;0;0.0526;0.4211;0
NA;NA;NA;NA;NA;NA;0.2;11.06;22.9;-11.9;11.08;21.4;8.049;543.375;0.025;1.5;7;12.625;19;7.2;9.95;12.9;2.875;0.195;0.104;15.263;62;102.75;170;110;205;570;4;0;0;0.25;0.3;0.15;0.1;0;0;0.05;0;0.15;0;0;0;0;0;0.875;0.125;0.2;0.8;0.2;0.5689;0.4311;0;0;138;119.3447;0;0;0;51;0;0;0;12;0;0;0;0;0;51;0;0;0;12;0;0;0;0;0;40.8;0;0;0;9.6;0;0;0;0;0;40.8;0;0;0;9.6;0;0;0;0;0;0.8095;0;0;0;0.1905;0;0;0;0;0;0.8095;0;0;0;0.1905;0;0
0.49;0.545;0.6;7;11.8;16.6;5.3;15.33;22;8.3;16.13;25.1;8.075;544;0.025;1.875;10;11;12;7.6;8.93;11;3.375;0.328;0.198;9.725;52.16;101.875;133.66;130;170;200;4;0;0;0.5;0.125;0.188;0;0;0;0;0;0.188;0;0;0;0;0;1;0;0.188;0.813;0.188;0.9745;0.0255;0;0;124;136.5251;0;0;0;2;0;0;0;1;0;0;0;0;0;2;0;0;0;1;0;0;0;0;0;2;0;0;0;1;0;0;0;0;0;2;0;0;0;1;0;0;0;0;0;0.6667;0;0;0;0.3333;0;0;0;0;0;0.6667;0;0;0;0.3333;0;0
0.38;0.54;0.77;33.42;42.355;51.7;3.2;11.51;20.2;1.4;13.52;28;7.969;505.3;0.025;1.5;14;20.4;45;7.5;9.63;11.7;6.275;0.113;0.093;8.47;33;62.046;121;60;146;440;4.25;0;0;0.3;0.3;0.2;0.2;0;0;0;0;0;0;0;0;0;0;0.8;0.2;0;1;0;0.9745;0.0255;0;0;124;136.5251;0;0;0;5;0;0;0;0;0;0;0;0;0;5;0;0;0;0;0;0;0;0;0;4;0;0;0;0;0;0;0;0;0;4;0;0;0;0;0;0;0;0;0;1;0;0;0;0;0;0;0;0;0;1;0;0;0;0;0;0
0.138;0.361;0.59;5.461;24.343;50.7;1.2;10.72;20;-0.1;10.8;19.5;7.985;621.273;0.025;1.5;7;14;36;6.8;9.78;12.7;3.818;0.222;0.128;8.918;16;86.545;271;90;260.909;1690;4;0;0;0.2;0.45;0.05;0.2;0;0;0;0;0.05;0.05;0;0;0;0;0.778;0.222;0.05;0.9;0.1;0.9745;0.0255;0;0;124;136.5251;0;0;0;66;0;0;0;0;0;0;0;0;0;66;0;0;0;0;0;0;0;0;0;52.8;0;0;0;0;0;0;0;0;0;52.8;0;0;0;0;0;0;0;0;0;1;0;0;0;0;0;0;0;0;0;1;0;0;0;0;0;0
0.72;0.73;0.74;8.65;9.375;10.1;2.8;13.94;20.4;5.4;15.24;23.4;8.046;620.8;0.11;6.6;8;14.4;27;4.7;7.6;11.3;2.78;0.476;0.47;11.14;94.54;168.868;273.84;130;232;310;4;0;0;0.15;0.1;0.1;0.1;0;0;0.2;0.2;0;0.15;0;0;0;0;0.778;0.222;0.4;0.45;0.55;0.2496;0.7504;0;0;101;175.0572;0;14;0;0;0;0;0;0;0;0;0;14;0;0;0;0;0;0;0;0;0;11.2;0;0;0;0;0;0;0;0;0;11.2;0;0;0;0;0;0;0;0;0;1;0;0;0;0;0;0;0;0;0;1;0;0;0;0;0;0;0;0
0.62;0.766;1.07;9.16;23.519;48.453;0.5;11.31;20.1;-9.3;11.6;24.7;8.008;685.625;0.025;1.5;10;16.875;30;7.4;9.96;12.6;4.7;0.223;0.18;12.35;49;118.75;287;70;240;540;4;0;0.25;0.05;0.2;0.15;0.1;0;0;0;0;0.05;0.15;0.05;0;0;0.333;0.533;0.133;0.05;0.75;0.25;0.2496;0.7504;0;0;101;175.0572;0;0;0;7;0;0;0;1;0;0;0;0;0;7;0;0;0;1;0;0;0;0;0;5.6;0;0;0;0.8;0;0;0;0;0;5.6;0;0;0;0.8;0;0;0;0;0;0.875;0;0;0;0.125;0;0;0;0;0;0.875;0;0;0;0.125;0;0
0.55;0.682;0.91;5.73;11.96;34.1;1.6;11.22;23;0.2;11.71;20.5;7.968;558.364;0.025;1.5;8;20.091;43;6.8;9.59;12.7;4.709;0.169;0.145;11.845;55;112.909;271;90;241.818;460;4;0;0;0.048;0.286;0.143;0.095;0;0;0;0;0.048;0.333;0.048;0;0;0;0.833;0.167;0.048;0.571;0.429;0.2496;0.7504;0;0;101;175.0572;0;108;0;56;0;0;0;124;0;0;0;108;0;56;0;0;0;124;0;0;0;82.28571429;0;42.66666667;0;0;0;94.47619048;0;0;0;82.28571429;0;42.66666667;0;0;0;94.47619048;0;0;0;0.375;0;0.1944;0;0;0;0.4306;0;0;0;0.375;0;0.1944;0;0;0;0.4306;0;0
0.52;0.679;0.951;15.7;29.404;56.321;1.8;12.36;21;-2.2;12.52;28.4;7.954;587.727;0.025;1.5;9;14;25;7.5;9.34;12.4;3.364;0.147;0.153;11.109;39;112.273;189;70;163.636;220;4;0;0;0;0.3;0.15;0.05;0;0;0;0;0.2;0.2;0.1;0;0;0;0.9;0.1;0.2;0.5;0.5;0.3332;0.6668;0;0;93;204.7502;0;0;0;48;0;0;0;3;0;0;0;0;0;48;0;0;0;3;0;0;0;0;0;38.4;0;0;0;2.4;0;0;0;0;0;38.4;0;0;0;2.4;0;0;0;0;0;0.9412;0;0;0;0.0588;0;0;0;0;0;0.9412;0;0;0;0.0588;0;0
0.08;0.292;0.51;0.005;0.05;0.173;0.6;8.7;19.1;0.4;13.14;30.2;7.778;446.364;0.025;1.5;12;21.455;42;6;9.75;12.5;5.609;0.082;0.083;8.327;20;54.545;117;50;138.182;370;4.25;0;0.3;0.15;0.1;0.15;0.1;0;0;0;0;0;0.2;0;0;0;0.375;0.5;0.125;0;0.8;0.2;0;1;0;0;168;15.0287;4;0;0;0;8;0;0;0;0;0;4;0;0;0;8;0;0;0;0;0;3.2;0;0;0;6.4;0;0;0;0;0;3.2;0;0;0;6.4;0;0;0;0;0;0.3333;0;0;0;0.6667;0;0;0;0;0;0.3333;0;0;0;0.6667;0;0;0;0;0
NA;NA;NA;NA;NA;NA;6.5;17.76;26;-6.5;16.13;33.1;8.026;1046.167;0.067;4;14;20.083;46;6.4;8.47;10.7;2.375;0.114;0.22;20.942;68.46;121.978;153.22;130;189.167;250;4.25;0;0;0.3;0.033;0.133;0.1;0;0;0;0.033;0.333;0.033;0.033;0;0;0;0.824;0.176;0.367;0.567;0.433;0;1;0;0;156;17.6101;1;0;0;0;0;0;0;9;0;0;1;0;0;0;0;0;0;9;0;0;1.066666667;0;0;0;0;0;0;9.6;0;0;1.066666667;0;0;0;0;0;0;9.6;0;0;1;0;0;0;0;0;0;1;0;0;1;0;0;0;0;0;0;1;0;0
0.29;0.4;0.56;0.749;0.996;1.09;4.9;15.46;25.5;-1.3;13.13;30.7;7.968;1037.333;0.025;1.5;9;32.583;46;6.8;9.38;12.1;3.542;0.101;0.225;23.475;46;88.728;143;100;161.667;230;4.25;0;0;0;0.189;0.256;0.022;0;0;0;0.333;0.2;0;0;0;0;0;0.952;0.048;0.533;0.467;0.533;0;1;0;0;156;17.6101;9;0;0;0;0;0;0;34;1;0;5.5;0;0;0;0;0;0;34;1;0;7.2;0;0;0;0;0;0;27.2;0.8;0;4.666666667;0;0;0;0;0;0;27.2;0.8;0;1;0;0;0;0;0;0;0.7727;0.0227;0;0.60225;0;0;0;0;0;0;0.7727;0.0227;0
0.16;0.195;0.308;0.533;0.721;1.215;10.7;17.54;25.8;-0.6;14.97;30;7.951;1147.167;0.025;1.625;8;22.5;56;6.9;8.78;11.5;3.775;0.1;0.207;25.2;68;120.333;186;150;230.833;330;4.25;0;0;0;0;0.45;0.1;0;0;0.05;0;0.25;0;0;0.15;0;0;0.818;0.182;0.3;0.55;0.45;0;1;0;0;156;17.6101;0;0;0;0;0;0;0;6;1;0;0;0;0;0;0;0;0;6;1;0;0;0;0;0;0;0;0;4.8;0.8;0;0;0;0;0;0;0;0;4.8;0.8;0;0;0;0;0;0;0;0;0.8571;0.1429;0;0;0;0;0;0;0;0;0.8571;0.1429;0
0.34;0.378;0.4;0.83;1.004;1.33;9;16.51;24.5;-1;14.39;28.5;7.938;1148.75;0.025;1.5;12;17.167;28;7.5;8.72;10.2;4.15;0.103;0.259;20.617;26;104.583;166;120;219.167;310;4.25;0;0;0.045;0.091;0.218;0.098;0.1;0;0.118;0.189;0.141;0;0;0;0;0;0.642;0.358;0.448;0.552;0.448;0;1;0;0;156;17.6101;33;3;0;0;0;0;0;3;0;0;21;3;0;0;0;0;0;3;0;0;24;2.181818182;0;0;0;0;0;2.4;0;0;15.6;2.181818182;0;0;0;0;0;2.4;0;0;0.9167;0.0833;0;0;0;0;0;0.25;0;0;0.83335;0.0833;0;0;0;0;0;0.25;0;0
0.35;0.41;0.49;0.696;1.022;1.42;13.3;19.28;25.7;3.5;17.89;31.3;7.847;1132.167;0.046;1.5;10;15.417;24;7.3;8.23;10.4;3.408;0.171;0.217;21.4;75;137.667;215;170;288.333;470;4;0;0;0.1;0.05;0.05;0.25;0;0;0.15;0.25;0.05;0;0.1;0;0;0;0.444;0.556;0.45;0.45;0.55;0;1;0;0;156;17.6101;0;0;0;3;0;0;0;18;0;0;0;0;0;3;0;0;0;18;0;0;0;0;0;2.4;0;0;0;14.4;0;0;0;0;0;2.4;0;0;0;14.4;0;0;0;0;0;0.1429;0;0;0;0.8571;0;0;0;0;0;0.1429;0;0;0;0.8571;0;0
0.154;0.322;0.44;0.245;0.652;1.1;7.8;16.57;25.4;-0.5;14.29;34.9;7.884;1190.5;0.1;3;10;13.667;21;7.2;9.07;10.8;3.083;1.205;0.369;24.192;59;149.5;251;160;325;780;4;0;0;0.013;0.263;0.113;0.163;0;0;0.063;0.313;0.063;0;0.013;0;0;0;0.705;0.295;0.438;0.55;0.45;0;1;0;0;156;17.6101;18;0;0;0;0;0;0;21;0;0;18;0;0;0;0;0;0;12;0;0;14.4;0;0;0;0;0;0;16.8;0;0;14.4;0;0;0;0;0;0;9.6;0;0;0.4615;0;0;0;0;0;0;1;0;0;0.4615;0;0;0;0;0;0;0.76925;0;0
0.33;0.41;0.48;0.573;0.93;1.514;9.7;17.28;24.1;2.5;14.73;28.5;7.885;1158.25;0.1;3;11;17;30;7.1;8.17;9.4;3.625;0.197;0.208;22.783;52;108.085;172.8;200;269.667;520;4;0;0;0.091;0.182;0.182;0.136;0;0;0;0.182;0;0;0.136;0.091;0;0;0.769;0.231;0.182;0.591;0.409;0;1;0;0;156;17.6101;0;0;0;0;0;0;0;12;0;0;0;0;0;0;0;0;0;12;0;0;0;0;0;0;0;0;0;8.727272727;0;0;0;0;0;0;0;0;0;8.727272727;0;0;0;0;0;0;0;0;0;1;0;0;0;0;0;0;0;0;0;1;0;0
NA;NA;NA;NA;NA;NA;1;17.29;24.9;-1.7;14.97;28.2;7.82;1158.5;0.1;3;12;14.583;18;6.9;8.23;11.5;3.233;0.154;0.275;22.1;48.9;100.917;143.4;170;268.333;390;4;0;0;0;0.15;0.25;0.1;0;0;0;0.15;0.25;0.05;0.05;0;0;0;0.8;0.2;0.4;0.5;0.5;0;1;0;0;156;17.6101;0;0;0;0;0;0;0;30;0;0;0;0;0;0;0;0;0;30;0;0;0;0;0;0;0;0;0;24;0;0;0;0;0;0;0;0;0;24;0;0;0;0;0;0;0;0;0;1;0;0;0;0;0;0;0;0;0;1;0;0
0.34;0.418;0.47;0.567;0.82;1.14;11;18.53;25.6;-0.6;17.18;29.8;7.884;1138.333;0.1;5.5;9;12.167;17;6.3;8.22;9.8;2.992;0.162;0.243;22.167;82.5;111.458;159;210;292.5;430;4;0;0;0.138;0.363;0.063;0.088;0;0;0;0.313;0.025;0;0.013;0;0;0;0.865;0.135;0.338;0.65;0.35;0;1;0;0;156;17.6101;15;0;0;0;0;0;0;33;0;0;15;0;0;0;0;0;0;22.5;0;0;12;0;0;0;0;0;0;26.4;0;0;12;0;0;0;0;0;0;18;0;0;0.3125;0;0;0;0;0;0;1;0;0;0.3125;0;0;0;0;0;0;0.84375;0;0
0.08;0.21;0.41;0.004;0.021;0.03;2.4;11.67;21.3;1.9;13.85;28.7;8.315;711.667;0.25;14.625;5;18.333;44;8.6;10.52;12.8;3.9;0.062;0.062;8.775;173;208.333;241;210;311.667;500;4.25;0;0.048;0;0;0;0.429;0.095;0;0;0.381;0;0;0.048;0;0;0.083;0;0.917;0.381;0.571;0.429;0;1;0;0;146;15.5056;6;0;0;0;0;0;0;0;0;3;6;0;0;0;0;0;0;0;0;3;4.571428571;0;0;0;0;0;0;0;0;2.285714286;4.571428571;0;0;0;0;0;0;0;0;2.285714286;0.6667;0;0;0;0;0;0;0;0;0.3333;0.6667;0;0;0;0;0;0;0;0;0.3333
0.42;0.507;0.57;0.457;0.66;1.02;0.6;9.09;14.4;-2.3;10.39;20.3;7.828;651.667;0.025;1.5;12;27.444;47;5.8;9.82;13.6;6.5;0.288;0.139;15.211;101;193.716;414;130;242.222;460;3.75;0;0;0;0;0.4;0;0;0;0;0.333;0;0.067;0.2;0;0;0;1;0;0.333;0.4;0.6;0;1;0;0;110;33.8213;1;0;0;0;0;0;0;0;0;0;1;0;0;0;0;0;0;0;0;0;1.066666667;0;0;0;0;0;0;0;0;0;1.066666667;0;0;0;0;0;0;0;0;0;1;0;0;0;0;0;0;0;0;0;1;0;0;0;0;0;0;0;0;0
NA;NA;NA;NA;NA;NA;1.1;10.01;18.2;-2.5;11.58;24.3;8.212;511.083;0.025;1.5;6;9.636;27;7.8;10.43;12.1;4.017;0.026;0.028;7.525;7;26.282;82;20;56.667;150;4.5;0;0.1;0.5;0.2;0.1;0;0;0;0;0;0;0.1;0;0;0;0.111;0.889;0;0;0.9;0.1;0.0029;0;0.9971;0;215;5.8293;0;0;0;0;0;0;0;0;0;2;0;0;0;0;0;0;0;0;0;2;0;0;0;0;0;0;0;0;0;1.6;0;0;0;0;0;0;0;0;0;1.6;0;0;0;0;0;0;0;0;0;1;0;0;0;0;0;0;0;0;0;1
0.24;0.615;1.4;0.115;1.297;5.79;3.4;11.74;19.5;-4.2;11.63;25.6;8.262;491;0.17;6;2;4.167;8;8.86;10.61;13.4;2.792;0.059;0.033;7.05;6.52;17.842;29.3;50;87.5;200;4.5;0;0.15;0.2;0.15;0.1;0.05;0;0;0;0;0.05;0.3;0;0;0;0.231;0.692;0.077;0.05;0.65;0.35;0.0029;0;0.9971;0;215;5.8293;0;0;0;0;0;0;3;0;0;0;0;0;0;0;0;0;3;0;0;0;0;0;0;0;0;0;2.4;0;0;0;0;0;0;0;0;0;2.4;0;0;0;0;0;0;0;0;0;1;0;0;0;0;0;0;0;0;0;1;0;0;0
0.23;0.355;0.44;0.373;1.199;3.33;1.3;11.83;18.2;-2.4;14.61;26.4;8.264;672.75;0.064;3.857;10;15.125;28;9.5;11.1;16.3;4.429;0.065;0.096;11.888;3.26;39.628;84.76;40;82.5;170;4.5;0;0.5;0.1;0.1;0.2;0;0;0;0;0;0.1;0;0;0;0;0.556;0.444;0;0.1;0.9;0.1;0.9951;0.0049;0;0;114;20.1063;1;0;0;0;0;0;1;0;0;0;1;0;0;0;0;0;1;0;0;0;0.8;0;0;0;0;0;0.8;0;0;0;0.8;0;0;0;0;0;0.8;0;0;0;0.5;0;0;0;0;0;0.5;0;0;0;0.5;0;0;0;0;0;0.5;0;0;0
0.44;0.588;0.84;0.252;1.123;3.39;4.2;11.52;19.6;-0.4;10.41;19.3;8.217;701;0.043;2.55;4;7.7;17;7.1;10.44;12.5;2.11;0.059;0.082;8.72;13;41.1;78;30;77;130;4.5;0;0.19;0;0.238;0.143;0.143;0;0;0;0;0.048;0.238;0;0;0;0.267;0.533;0.2;0.048;0.714;0.286;0.9951;0.0049;0;0;114;20.1063;3;69;0;0;0;3;0;21;0;0;3;69;0;0;0;3;0;21;0;0;2.285714286;52.57142857;0;0;0;2.285714286;0;16;0;0;2.285714286;52.57142857;0;0;0;2.285714286;0;16;0;0;0.0312;0.7188;0;0;0;0.0312;0;0.2188;0;0;0.0312;0.7188;0;0;0;0.0312;0;0.2188;0;0
0.07;0.092;0.117;0.018;0.032;0.043;1.8;11.8;19.8;0.4;14.22;28.8;8.036;948.4;0.025;1.5;28;35;48;6.4;8.76;11.8;7.74;0.108;0.072;3.54;91;348;756;230;534;1060;3.75;0;0;0;0;0;0;0;0;0;0.1;0.1;0.75;0.05;0;0;NA;NA;NA;0.2;0;1;0;1;0;0;145;12.2016;9;0;0;0;0;0;0;0;0;0;9;0;0;0;0;0;0;0;0;0;7.2;0;0;0;0;0;0;0;0;0;7.2;0;0;0;0;0;0;0;0;0;1;0;0;0;0;0;0;0;0;0;1;0;0;0;0;0;0;0;0;0
0.3;0.863;1.52;0.044;0.233;0.549;1.9;11.22;19.3;0.3;12.02;24.4;7.955;1282.4;0.025;1.5;8;21.6;63;6.7;10.45;13.8;5.07;0.213;0.059;4.22;36;97.7;300;80;188;610;3.75;0;0;0.095;0.19;0.095;0.095;0;0;0;0.19;0.143;0.143;0.048;0;0;0;0.8;0.2;0.333;0.476;0.524;0.877;0.123;0;0;133;29.8482;48;0;0;0;0;0;0;0;0;0;48;0;0;0;0;0;0;0;0;0;36.57142857;0;0;0;0;0;0;0;0;0;36.57142857;0;0;0;0;0;0;0;0;0;1;0;0;0;0;0;0;0;0;0;1;0;0;0;0;0;0;0;0;0
0.3;0.403;0.49;0.003;0.048;0.074;2.1;10.56;22.5;2.8;14.86;30;8.112;928.8;0.025;1.8;19;23.4;30;6.9;11.12;13.8;6.84;1.808;0.566;19.94;98;650.2;1223;150;768;1470;3.25;0;0;0;0.2;0.4;0.067;0;0;0;0;0.2;0.133;0;0;0;0;0.9;0.1;0.2;0.667;0.333;0;1;0;0;157;12.6255;2;0;0;0;0;0;0;0;0;0;2;0;0;0;0;0;0;0;0;0;2.133333333;0;0;0;0;0;0;0;0;0;2.133333333;0;0;0;0;0;0;0;0;0;1;0;0;0;0;0;0;0;0;0;1;0;0;0;0;0;0;0;0;0
0.08;0.44;0.84;0.091;0.714;2.49;3.3;12.13;23.6;1.2;14.96;34.9;8.228;999.667;0.133;5.5;11;15;20;8.3;10.96;13.8;3.658;0.139;0.123;10.283;42;178.417;352;90;235;420;4;0;0;0.05;0.05;0.2;0.15;0;0;0.15;0;0.2;0.15;0.05;0;0;0;0.667;0.333;0.35;0.45;0.55;0.7468;0.2532;0;0;138;47.6437;0;3;0;0;0;0;0;0;0;0;0;3;0;0;0;0;0;0;0;0;0;2.4;0;0;0;0;0;0;0;0;0;2.4;0;0;0;0;0;0;0;0;0;1;0;0;0;0;0;0;0;0;0;1;0;0;0;0;0;0;0;0
0.11;0.448;1.07;0.064;1.1;4.25;1;12.14;23.3;1.6;15.93;29.6;8.136;883.333;0.183;5;8;14.5;28;6.1;10.67;14;5.033;1.175;0.225;11.658;33.6;275.05;1410;150;574.167;1650;3.5;0;0.045;0.091;0;0.136;0.182;0;0;0.045;0.273;0.045;0.091;0.091;0;0;0.1;0.5;0.4;0.364;0.455;0.545;0.7468;0.2532;0;0;138;47.6437;0;9;0;0;0;0;0;0;9;0;0;9;0;0;0;0;0;0;9;0;0;6.545454545;0;0;0;0;0;0;6.545454545;0;0;6.545454545;0;0;0;0;0;0;6.545454545;0;0;0.5;0;0;0;0;0;0;0.5;0;0;0.5;0;0;0;0;0;0;0.5;0
NA;NA;NA;NA;NA;NA;1;13.55;28;0.5;14.98;29.6;8.118;1023.917;0.1;3;10;15.417;26;5.1;9.67;13.6;3.558;0.132;0.098;9.867;173;330.333;593;190;397.5;680;3.75;0;0;0;0;0;0.2;0.1;0;0.25;0.2;0.05;0.1;0.05;0.05;0;0;0;1;0.5;0.3;0.7;0.899;0.101;0;0;108;91.8683;0;27;0;0;0;0;0;0;0;0;0;27;0;0;0;0;0;0;0;0;0;21.6;0;0;0;0;0;0;0;0;0;21.6;0;0;0;0;0;0;0;0;0;1;0;0;0;0;0;0;0;0;0;1;0;0;0;0;0;0;0;0
0.52;0.52;0.52;18.9;18.9;18.9;0.7;13.03;34.2;-5.3;13.37;31.2;8.125;998.167;0.146;5;7;11.917;17;6.7;9.72;13.5;3.425;0.2;0.079;12.242;129;408.667;773;240;492.5;1080;3.75;0;0;0;0;0.1;0.15;0;0;0;0.45;0.1;0;0.2;0;0;0;0.4;0.6;0.55;0.25;0.75;0.899;0.101;0;0;108;91.8683;0;0;0;0;0;0;0;3;0;0;0;0;0;0;0;0;0;3;0;0;0;0;0;0;0;0;0;2.4;0;0;0;0;0;0;0;0;0;2.4;0;0;0;0;0;0;0;0;0;1;0;0;0;0;0;0;0;0;0;1;0;0
NA;NA;NA;NA;NA;NA;1.2;12.91;24.2;1.5;17.43;30.6;8.205;926.25;0.283;13;8;12.833;32;6.01;10.11;13.9;4.408;0.18;0.083;13.325;60.6;241.658;499;160;415;1020;4;0;0;0;0;0.2;0.1;0;0;0;0.4;0.05;0.2;0.05;0;0;0;0.667;0.333;0.45;0.3;0.7;0.2947;0.7053;0;0;113;74.7961;0;0;0;0;0;0;0;3;0;0;0;0;0;0;0;0;0;3;0;0;0;0;0;0;0;0;0;2.4;0;0;0;0;0;0;0;0;0;2.4;0;0;0;0;0;0;0;0;0;1;0;0;0;0;0;0;0;0;0;1;0;0
NA;NA;NA;NA;NA;NA;13.8;19.15;25.5;0.2;16.44;31.7;7.955;685.667;0.1;3;4;6.417;11;5.5;8.28;9.9;1.858;0.486;0.08;2.367;91;133.667;196;140;174.167;230;4.25;0;0;0;0;0;0.15;0.15;0;0.2;0.15;0.15;0.1;0.1;0;0;0;0;1;0.5;0.3;0.7;0;1;0;0;123;26.0545;36;0;0;0;0;0;0;0;0;0;36;0;0;0;0;0;0;0;0;0;28.8;0;0;0;0;0;0;0;0;0;28.8;0;0;0;0;0;0;0;0;0;1;0;0;0;0;0;0;0;0;0;1;0;0;0;0;0;0;0;0;0
0.25;0.534;0.91;0.019;0.213;0.79;0.1;9.61;20.1;-1.7;13.79;29;7.598;790.667;0.025;1.5;12;25.75;75;5.9;8.69;11.2;7.025;0.111;0.069;4.083;23;57.313;147;50;150.833;690;4.25;0;0;0.325;0.033;0;0.083;0;0;0;0.033;0.275;0.083;0.167;0;0;0;0.811;0.189;0.308;0.442;0.558;0;0.3245;0.6755;0;216;11.7872;82;0;0;0;3;0;0;0;10;0;42;0;0;0;3;0;0;0;10;0;87.46666667;0;0;0;2.4;0;0;0;8;0;44.53333333;0;0;0;2.4;0;0;0;8;0;1;0;0;0;0.2;0;0;0;0.6667;0;0.56665;0;0;0;0.2;0;0;0;0.6667;0
0.11;0.326;0.62;0.002;0.018;0.045;0.2;9.01;21.1;2.5;12.15;28.3;7.728;1081.25;0.025;1.5;9;16.667;43;2.7;8.31;12.2;4.492;0.511;0.108;3.692;16;84;368;40;132.5;510;4;0;0;0.038;0.093;0.063;0.366;0;0;0.068;0.298;0.025;0.025;0.025;0;0;0;0.346;0.654;0.391;0.559;0.441;0;0.3245;0.6755;0;216;11.7872;90;0;0;0;0;0;0;0;9;0;49;0;0;0;0;0;0;0;9;0;130.9090909;0;0;0;0;0;0;0;13.09090909;0;68.65454545;0;0;0;0;0;0;0;13.09090909;0;1;0;0;0;0;0;0;0;0.0909;0;0.95455;0;0;0;0;0;0;0;0.0909;0
0.15;0.2;0.25;0.003;0.008;0.015;0;9.79;18.2;-4.1;12.79;25;7.746;1230.75;0.025;1.5;9;16.917;36;2.4;7.44;12;4.008;0.086;0.045;3.417;13;72.25;166;30;125.833;320;4.5;0;0;0.1;0.35;0.1;0.05;0;0;0;0.05;0.25;0;0.05;0.05;0;0;0.917;0.083;0.3;0.6;0.4;0;0.3245;0.6755;0;216;11.7872;147;0;0;0;0;0;0;0;0;0;147;0;0;0;0;0;0;0;0;0;117.6;0;0;0;0;0;0;0;0;0;117.6;0;0;0;0;0;0;0;0;0;1;0;0;0;0;0;0;0;0;0;1;0;0;0;0;0;0;0;0;0
0.08;0.347;0.76;0.002;0.151;0.843;0.3;8.89;20;-0.6;11.73;26.6;7.804;810.333;0.025;2.625;10;20.5;33;3.5;8.83;12.3;4.317;0.067;0.03;2.867;29;49.583;98;60;100.833;190;4.5;0;0.1;0.163;0.063;0.25;0.025;0;0;0;0.075;0.188;0.075;0.063;0;0;0.167;0.792;0.042;0.263;0.6;0.4;0;0.3245;0.6755;0;216;11.7872;24;0;0;0;12;0;0;0;0;0;13.5;0;0;0;12;0;0;0;0;0;19.2;0;0;0;9.6;0;0;0;0;0;10.8;0;0;0;9.6;0;0;0;0;0;1;0;0;0;0.8;0;0;0;0;0;0.6;0;0;0;0.8;0;0;0;0;0
0.21;0.322;0.46;0.026;0.047;0.067;0.4;10.13;20.4;-3.8;11.91;22.8;7.63;1147.25;0.1;3;7;13.25;19;3.2;8.27;13;3.117;0.181;0.035;3.408;7;48.142;123.9;40;127.5;250;4.25;0;0.033;0.127;0.144;0.162;0.16;0.083;0;0;0.033;0.192;0.017;0.048;0;0;0.047;0.61;0.343;0.225;0.71;0.29;0;0.3245;0.6755;0;216;11.7872;3;0;0;0;3;0;3;0;0;0;3;0;0;0;3;0;3;0;0;0;2.4;0;0;0;2.285714286;0;2.285714286;0;0;0;2.4;0;0;0;2.285714286;0;2.285714286;0;0;0;1;0;0;0;0.5;0;0.5;0;0;0;1;0;0;0;0.5;0;0.5;0;0;0
NA;NA;NA;NA;NA;NA;10.5;18.58;22.9;16.8;21.63;29;7.992;807.333;0.025;1.5;9;17.5;34;6.5;8.9;10.2;4.85;0.068;0.053;3.55;20;34.167;65;50;161.667;400;4.5;0;0;0;0;0;0;0.364;0;0;0;0.182;0.364;0.091;0;0;0;0;1;0.182;0.364;0.636;0;0;0.1536;0.8464;104;357.992;0;0;7;0;0;0;0;2;0;0;0;0;7;0;0;0;0;2;0;0;0;0;10.18181818;0;0;0;0;2.909090909;0;0;0;0;10.18181818;0;0;0;0;2.909090909;0;0;0;0;0.7778;0;0;0;0;0.2222;0;0;0;0;0.7778;0;0;0;0;0.2222;0;0
NA;NA;NA;NA;NA;NA;5.5;17.98;26.3;10.7;21.44;26.6;8.042;382.5;0.063;3.75;11;17;27;8;10.58;14.4;3.817;0.055;0.037;2.267;13;34.333;82;50;113.333;240;4.5;0;0;0;0;0;0.167;0.5;0;0;0;0;0.333;0;0;0;0;0;1;0;0.667;0.333;0;0;0.1536;0.8464;104;357.992;0;0;1;0;0;0;0;0;0;0;0;0;1;0;0;0;0;0;0;0;0;0;1.333333333;0;0;0;0;0;0;0;0;0;1.333333333;0;0;0;0;0;0;0;0;0;1;0;0;0;0;0;0;0;0;0;1;0;0;0;0;0;0;0
NA;NA;NA;NA;NA;NA;11;20.43;27.5;12.3;23.72;30.4;7.917;414.167;0.025;1.5;7;13.833;17;7.6;9.13;9.8;3.517;0.037;0.053;2.05;26;42.833;62;60;95;170;4.5;0;0;0;0;0;0.55;0.2;0;0;0;0;0.15;0.1;0;0;0;0;1;0;0.75;0.25;0;0;0.1536;0.8464;104;357.992;0;0;63;0;0;0;0;3;0;0;0;0;63;0;0;0;0;3;0;0;0;0;50.4;0;0;0;0;2.4;0;0;0;0;50.4;0;0;0;0;2.4;0;0;0;0;0.9545;0;0;0;0;0.0455;0;0;0;0;0.9545;0;0;0;0;0.0455;0;0
NA;NA;NA;NA;NA;NA;11.9;21.03;25.8;12.5;22.05;30.8;7.962;347.833;0.05;1.5;8;10.833;14;6.8;9.07;11.1;3.083;0.11;0.028;1.733;10;23.5;42;70;90;110;4.5;0;0;0;0;0;0.5;0.167;0;0;0;0.111;0.222;0;0;0;0;0;1;0.111;0.667;0.333;0;0;0.1536;0.8464;104;357.992;0;0;0;3;0;0;0;0;0;0;0;0;0;3;0;0;0;0;0;0;0;0;0;2.666666667;0;0;0;0;0;0;0;0;0;2.666666667;0;0;0;0;0;0;0;0;0;1;0;0;0;0;0;0;0;0;0;1;0;0;0;0;0;0
NA;NA;NA;NA;NA;NA;13.7;20.18;24.2;16.7;22.35;27.9;7.985;412.167;0.1;3;7;9.5;12;7.2;8.55;10.2;2.55;0.063;0.025;3.017;6.5;14.123;26.08;70;120;180;4.75;0;0;0;0;0;0.375;0.275;0;0;0;0.05;0.2;0.075;0.025;0;0;0;1;0.05;0.65;0.35;0;0;0.1536;0.8464;104;357.992;0;0;18;0;0;0;0;0;0;0;0;0;10.5;0;0;0;0;0;0;0;0;0;14.4;0;0;0;0;0;0;0;0;0;8.4;0;0;0;0;0;0;0;0;0;1;0;0;0;0;0;0;0;0;0;1;0;0;0;0;0;0;0
NA;NA;NA;NA;NA;NA;1.2;13.51;26;-10.1;11.48;23.7;7.879;470.75;0.025;1.5;7;12.5;19;6.1;9.09;12.2;2.908;0.173;0.068;5.017;3.26;43.438;85;40;92.5;140;4.25;0;0;0;0;0;0.15;0.364;0;0;0;0;0.311;0.125;0.05;0;0;0;1;0;0.514;0.486;0;0;0.2304;0.7696;102;488.0166;0;0;6;0;0;0;0;0;0;0;0;0;5;0;0;0;0;0;0;0;0;0;8.727272727;0;0;0;0;0;0;0;0;0;5.963636364;0;0;0;0;0;0;0;0;0;1;0;0;0;0;0;0;0;0;0;1;0;0;0;0;0;0;0
0.47;0.662;0.86;104;359.444;686;0.2;13.07;24.9;-4;11.92;24;7.955;567.417;0.025;1.5;7;12.417;20;5.4;8.88;13;3.375;0.131;0.08;4.15;3.26;60.688;98;50;118.333;210;4.25;0;0.389;0;0;0;0.167;0.444;0;0;0;0;0;0;0;0;0.389;0;0.611;0;1;0;0;0;0.5337;0.4663;94;574.8678;0;0;18;0;0;0;0;0;0;0;0;0;18;0;0;0;0;0;0;0;0;0;16;0;0;0;0;0;0;0;0;0;16;0;0;0;0;0;0;0;0;0;1;0;0;0;0;0;0;0;0;0;1;0;0;0;0;0;0;0
0.569;0.642;0.83;164.7;328.079;548.2;1.3;13.82;25.1;3;14.75;28;7.861;377.833;0.046;1.5;5;9.583;15;7.2;9.42;11.4;2.108;0.108;0.057;4.625;10;57.75;121;50;95;150;4.5;0;0;0;0.3;0;0.25;0.35;0;0;0;0;0.05;0.05;0;0;0;0.333;0.667;0;0.9;0.1;0;0;0.5337;0.4663;94;574.8678;0;0;2;0;0;0;0;0;0;0;0;0;2;0;0;0;0;0;0;0;0;0;1.6;0;0;0;0;0;0;0;0;0;1.6;0;0;0;0;0;0;0;0;0;1;0;0;0;0;0;0;0;0;0;1;0;0;0;0;0;0;0
0.507;0.681;0.99;102;423.222;1174;1.9;12.09;24.2;1;12.91;26;7.811;428.545;0.1;6;5;7.091;10;7.3;9.74;11.7;2.082;0.166;0.044;4.2;22.8;39.991;76.9;110;904.545;8300;4.25;0;0;0;0;0;0.5;0;0;0;0;0;0;0.5;0;0;0;0;1;0;0.5;0.5;0;0;0.5337;0.4663;94;574.8678;0;0;1;0;0;0;0;0;0;0;0;0;1;0;0;0;0;0;0;0;0;0;2;0;0;0;0;0;0;0;0;0;2;0;0;0;0;0;0;0;0;0;1;0;0;0;0;0;0;0;0;0;1;0;0;0;0;0;0;0
0.386;0.462;0.511;95.8;133.447;163.55;1.4;13.5;24.2;-2;12.17;23;7.969;449.417;0.025;1.636;6;11.667;23;5.6;8.38;11.3;2.591;0.183;0.067;4.6;3.26;51.938;82;70;138.333;300;4.25;0;0;0;0;0;0.292;0.342;0;0;0;0.075;0.292;0;0;0;0;0;1;0.075;0.633;0.367;0.2255;0;0;0.7745;85;639.5781;0;0;426;0;0;0;0;0;0;0;0;0;216.5;0;0;0;0;0;0;0;0;0;568;0;0;0;0;0;0;0;0;0;286.8;0;0;0;0;0;0;0;0;0;1;0;0;0;0;0;0;0;0;0;1;0;0;0;0;0;0;0
0.318;0.715;0.996;68.95;603.157;1614.4;1.8;12.26;25.5;-4;9.18;22;7.948;406.364;0.025;1.5;8;10.545;15;7.4;9.15;12.2;2.118;0.088;0.057;4.773;29;56.727;88;60;100;160;4.5;0;0;0;0;0;0;0.5;0;0;0;0.1;0.3;0.1;0;0;0;0;1;0.1;0.5;0.5;0.2255;0;0;0.7745;85;639.5781;0;0;24;0;0;0;0;0;0;0;0;0;24;0;0;0;0;0;0;0;0;0;19.2;0;0;0;0;0;0;0;0;0;19.2;0;0;0;0;0;0;0;0;0;1;0;0;0;0;0;0;0;0;0;1;0;0;0;0;0;0;0
0.29;0.396;0.51;0.071;0.098;0.121;7.1;10.32;18;3.3;9.38;20.3;7.762;1566.333;0.025;1.75;4;7.833;12;8.6;10.32;11.8;2.317;0.135;0.022;1.717;7;11.167;23;20;28.333;50;4.5;0;0.118;0.059;0.176;0.353;0;0;0;0;0;0.176;0.118;0;0;0;0.167;0.833;0;0.176;0.706;0.294;0;1;0;0;275;10.9926;0;153;0;0;0;0;0;0;72;0;0;153;0;0;0;0;0;0;72;0;0;144;0;0;0;0;0;0;67.76470588;0;0;144;0;0;0;0;0;0;67.76470588;0;0;0.68;0;0;0;0;0;0;0.32;0;0;0.68;0;0;0;0;0;0;0.32;0
0.35;0.44;0.68;0.03;0.054;0.081;4.7;13.18;19.9;-0.5;15.3;30.1;7.451;1855.5;0.1;3;4;7.333;12;8.5;10.03;12.4;1.942;0.147;0.033;1.675;7;9.083;16;20;53.333;260;4.75;0;0.1;0.2;0.15;0.1;0.1;0;0;0.05;0.05;0.15;0.05;0.05;0;0;0.154;0.692;0.154;0.25;0.65;0.35;0;1;0;0;275;10.9926;0;15;0;0;0;3;0;0;6;0;0;15;0;0;0;3;0;0;6;0;0;12;0;0;0;2.4;0;0;4.8;0;0;12;0;0;0;2.4;0;0;4.8;0;0;0.625;0;0;0;0.125;0;0;0.25;0;0;0.625;0;0;0;0.125;0;0;0.25;0
0.36;0.511;0.7;0.032;0.055;0.12;3;13.77;23.9;1;14.5;29.2;7.801;1668.333;0.1;5.25;4;8.333;16;7.89;10.19;13.1;3.967;0.132;0.048;4.783;6.52;23.518;115;30;64.167;160;4.25;0;0.15;0.3;0.1;0.2;0;0;0;0;0;0;0.05;0.2;0;0;0.2;0.8;0;0;0.75;0.25;0;1;0;0;275;10.9926;0;0;0;0;3;0;3;0;0;0;0;0;0;0;3;0;3;0;0;0;0;0;0;0;2.4;0;2.4;0;0;0;0;0;0;0;2.4;0;2.4;0;0;0;0;0;0;0;0.5;0;0.5;0;0;0;0;0;0;0;0.5;0;0.5;0;0;0
0.2;0.349;0.61;0.028;0.082;0.125;3.3;10.53;20.4;3.7;13.76;30;8.115;1589.25;0.034;2.063;6;9.625;14;8.6;11.34;13.6;3.05;0.079;0.016;4.95;3.26;16.44;39;20;35;70;4.5;0;0.15;0.05;0.2;0.2;0.1;0;0;0;0;0;0.1;0.2;0;0;0.214;0.643;0.143;0;0.7;0.3;0.3083;0.6917;0;0;155;13.8206;0;42;0;0;0;24;0;0;0;0;0;42;0;0;0;24;0;0;0;0;0;33.6;0;0;0;19.2;0;0;0;0;0;33.6;0;0;0;19.2;0;0;0;0;0;0.6364;0;0;0;0.3636;0;0;0;0;0;0.6364;0;0;0;0.3636;0;0;0;0
0.21;0.377;0.51;0.081;0.116;0.158;0;8.08;16.7;-1.2;10.11;22.2;8.04;415.625;0.025;1.5;7;14.75;27;8.6;11.2;14.1;3.763;0.035;0.034;1.55;29;110.375;235;50;135;250;4.25;0;0;0.2;0.2;0.15;0.2;0;0;0;0;0.05;0.15;0.05;0;0;0;0.733;0.267;0.05;0.75;0.25;0.8952;0.1048;0;0;128;15.3188;0;15;0;0;18;0;0;0;0;0;0;15;0;0;18;0;0;0;0;0;0;12;0;0;14.4;0;0;0;0;0;0;12;0;0;14.4;0;0;0;0;0;0;0.4545;0;0;0.5455;0;0;0;0;0;0;0.4545;0;0;0.5455;0;0;0;0;0
0.18;0.371;0.56;0.026;0.11;0.228;1.1;11.45;18.9;2.4;15.53;25.6;7.953;368.167;0.048;1.5;7;15.167;22;8.5;10.97;14.1;3.417;0.108;0.02;2.525;16;95.083;199;70;157.5;260;4.25;0;0.05;0;0.35;0.15;0.2;0;0;0;0;0.05;0.05;0.15;0;0;0.067;0.667;0.267;0.05;0.75;0.25;0.8952;0.1048;0;0;128;15.3188;0;9;0;0;3;0;3;0;0;0;0;9;0;0;3;0;3;0;0;0;0;7.2;0;0;2.4;0;2.4;0;0;0;0;7.2;0;0;2.4;0;2.4;0;0;0;0;0.6;0;0;0.2;0;0.2;0;0;0;0;0.6;0;0;0.2;0;0.2;0;0;0
0.21;0.402;0.63;0.031;0.058;0.101;0.4;10.84;21.9;3.5;12.75;24.2;8.219;1231.25;0.141;8.438;7;12.625;17;6.6;10.81;17.2;3;0.046;0.075;42.75;13;79.75;179;30;102.5;190;4.25;0;0;0;0;0;0.15;0;0;0.35;0.35;0;0;0.05;0.1;0;0;0;1;0.7;0.15;0.85;0.441;0.559;0;0;128;23.7364;3;0;0;0;0;0;0;0;0;0;3;0;0;0;0;0;0;0;0;0;2.4;0;0;0;0;0;0;0;0;0;2.4;0;0;0;0;0;0;0;0;0;1;0;0;0;0;0;0;0;0;0;1;0;0;0;0;0;0;0;0;0
0.14;0.277;0.52;1.27;2.733;5.65;1.4;12.93;23.2;5;16.75;27;8.12;1041.25;0.131;7.875;15;20;27;4;7.2;10.6;3.625;1.383;0.328;12.175;218.42;667.485;1339.86;250;727.5;1370;3.5;0;0;0;0;0;0.067;0.138;0;0.238;0.286;0.1;0.1;0.071;0;0;0;0;1;0.624;0.205;0.795;0.1765;0.8235;0;0;90;124.2494;2;0;0;0;0;0;0;1;0;0;2;0;0;0;0;0;0;1;0;0;4.571428571;0;0;0;0;0;0;1.066666667;0;0;4.571428571;0;0;0;0;0;0;1.066666667;0;0;1;0;0;0;0;0;0;1;0;0;1;0;0;0;0;0;0;1;0;0
0.347;0.475;0.606;2.562;5.489;8.977;0.1;11.05;19.8;-2;11.75;23;8.205;1236.75;0.069;4.125;14;24;31;5.4;8.3;11;4.275;0.193;0.248;20.925;235;359.5;496;370;535;720;3.75;0;0;0;0.075;0;0.1;0.05;0;0.025;0.025;0.075;0.225;0.175;0.1;0.15;0;0.333;0.667;0.125;0.225;0.775;0.1765;0.8235;0;0;90;124.2494;36;0;3;0;0;0;0;132;0;0;25.5;0;3;0;0;0;0;88.5;0;0;28.8;0;2.4;0;0;0;0;105.6;0;0;20.4;0;2.4;0;0;0;0;70.8;0;0;0.2381;0;0.0476;0;0;0;0;0.7719;0;0;0.2243;0;0.03255;0;0;0;0;0.7431;0;0
0.308;0.379;0.464;1.303;8.648;26.201;1.7;14.05;24.3;3;13.5;25;8.113;1108;0.025;1.5;19;23.75;33;5.4;7.13;9;4.525;0.158;0.16;12.325;267;502;665;380;790;1010;3.75;0;0;0;0;0.2;0.2;0;0;0.15;0.2;0.2;0.05;0;0;0;0;0.5;0.5;0.55;0.4;0.6;0.1765;0.8235;0;0;90;124.2494;0;0;0;0;0;0;0;6;0;0;0;0;0;0;0;0;0;6;0;0;0;0;0;0;0;0;0;4.8;0;0;0;0;0;0;0;0;0;4.8;0;0;0;0;0;0;0;0;0;1;0;0;0;0;0;0;0;0;0;1;0;0
0.354;0.432;0.491;1.493;2.188;2.88;14.9;21.33;23.7;16;24.25;31;8.115;1105;0.125;6;11;15.25;18;5.6;6.83;8.8;3.75;0.12;0.098;15.575;597;689.5;776;820;957.5;1020;4;0;0;0;0;0.2;0.15;0;0;0.25;0.2;0.2;0;0;0;0;0;0.571;0.429;0.65;0.35;0.65;0.1765;0.8235;0;0;90;124.2494;24;0;0;0;0;0;0;21;0;0;24;0;0;0;0;0;0;21;0;0;19.2;0;0;0;0;0;0;16.8;0;0;19.2;0;0;0;0;0;0;16.8;0;0;0.5333;0;0;0;0;0;0;0.4667;0;0;0.5333;0;0;0;0;0;0;0.4667;0;0
NA;NA;NA;NA;NA;NA;0;12.38;23.2;-4;10.83;22;8.228;1209.167;0.098;5.875;14;21;32;4.7;8.09;11.1;3.792;0.172;0.127;17.25;104;343.417;515;190;446.667;670;3.75;0;0;0;0;0;0;0.1;0;0;0.25;0.1;0.15;0.25;0.1;0.05;0;0;1;0.35;0.1;0.9;0;0.0981;0.9019;0;86;153.3606;30;0;0;0;0;0;0;0;0;0;30;0;0;0;0;0;0;0;0;0;24;0;0;0;0;0;0;0;0;0;24;0;0;0;0;0;0;0;0;0;1;0;0;0;0;0;0;0;0;0;1;0;0;0;0;0;0;0;0;0
0.134;0.249;0.378;1.503;2.72;4.083;0;11.88;24.8;-13;9;25;8.15;1222.5;0.102;6.125;11;19.25;32;2.6;6.94;12.7;4.258;0.187;0.117;15.158;333;710.667;1190;370;803.333;1270;3.75;0;0;0;0;0;0.25;0;0;0;0.3;0.1;0.1;0.15;0;0.1;0;0;1;0.4;0.25;0.75;0;0.0981;0.9019;0;86;153.3606;6;0;12;0;0;0;0;3;0;0;6;0;12;0;0;0;0;3;0;0;4.8;0;9.6;0;0;0;0;2.4;0;0;4.8;0;9.6;0;0;0;0;2.4;0;0;0.2857;0;0.5714;0;0;0;0;0.1429;0;0;0.2857;0;0.5714;0;0;0;0;0.1429;0;0
